series,model,QLIKE,QLIKE / HAR,MCS p (QLIKE)
BTC (h=24),EWMA,0.3651853171409082,1.2995359413599392,0.046
BTC (h=24),GARCH,0.340751490868331,1.2125865654245782,0.046
BTC (h=24),HAR,0.28101209479342976,1.0,1.0
BTC (h=24),GBM,0.3353342082972831,1.1933088095150681,0.046
BTC (h=24),Analogue,0.30989361073681465,1.1027767718133823,0.046
BTC (h=24),Analogue+HAR,0.2846354134411347,1.0128938174364646,0.727
BTC (h=24),HAR (rolling 2190),0.30265833083840815,1.0770295529837974,0.112
BTC (h=24),Analogue+HAR (rolling 2190),0.2955610482023301,1.051773406477736,0.046
BTC (h=24),HAR (rolling 8760),0.2847969519902433,1.0134686629755056,0.727
BTC (h=24),Analogue+HAR (rolling 8760),0.2866937886578351,1.020218680867035,0.12
ETH (h=24),EWMA,0.3391535835848319,1.3357619753037135,0.071
ETH (h=24),GARCH,0.2973557245341372,1.1711404189607686,0.074
ETH (h=24),HAR,0.25390270860773545,1.0,1.0
ETH (h=24),GBM,0.3173933197717714,1.250058817852649,0.025
ETH (h=24),Analogue,0.28232825104265596,1.1119544670901336,0.071
ETH (h=24),Analogue+HAR,0.2594697238253878,1.021925781131595,0.247
ETH (h=24),HAR (rolling 2190),0.2729472237387464,1.0750071365344653,0.239
ETH (h=24),Analogue+HAR (rolling 2190),0.2695406904354598,1.0615904490088923,0.079
ETH (h=24),HAR (rolling 8760),0.25787257841137706,1.015635397611196,0.616
ETH (h=24),Analogue+HAR (rolling 8760),0.2621319261660451,1.0324109089006344,0.247
PAXG (h=24),EWMA,0.6244836507520114,2.164448962928723,0.0
PAXG (h=24),GARCH,0.5362445481657866,1.858613840019542,0.0
PAXG (h=24),HAR,0.2885185381812009,1.0,0.526
PAXG (h=24),GBM,0.3196778506607261,1.107997609706299,0.021
PAXG (h=24),Analogue,0.3184092999836209,1.1036008361571812,0.021
PAXG (h=24),Analogue+HAR,0.28790602462121545,0.9978770391537173,0.526
PAXG (h=24),HAR (rolling 2190),0.2789764025306749,0.9669271315781687,1.0
PAXG (h=24),Analogue+HAR (rolling 2190),0.27902994366481515,0.9671127041742236,0.996
PAXG (h=24),HAR (rolling 8760),0.27966840825629585,0.9693256108231534,0.969
PAXG (h=24),Analogue+HAR (rolling 8760),0.2817074201762765,0.9763927890115444,0.905
