series,embedding,IC long,IC short,Brier skill
BTC,m=1,0.005729042860234237,-0.00021160874404725475,-0.031800592974312814
BTC,m=4,0.027712135229075147,0.018522181004625944,-0.02807630739466771
ETH,m=1,0.006299568209499072,0.010812093784679948,-0.02952532944183406
ETH,m=4,0.013715659102048949,0.013655118818309863,-0.02855180769792054
PAXG,m=1,-0.007053612546430126,-0.005408902681852031,-0.03798106383096567
PAXG,m=4,0.0051069802869586735,0.004647537047931218,-0.030193512189928606
S&P 500,m=1,-0.005947437322689841,-0.007785253582333051,-0.05943141925765261
S&P 500,m=4,0.00484966864774046,0.00021172326789507348,-0.0574325521556216
Nasdaq-100,m=1,-0.03231140723195445,-0.0006232576187748246,0.02612900448983546
Nasdaq-100,m=4,-0.02741244269524533,-0.01939008778939461,0.025372256067390908
Gold,m=1,-0.040483865484453416,-0.0064907961071523045,0.051933634998535094
Gold,m=4,0.01179344254260623,0.02146012883368516,0.0773108932080776
Treasuries,m=1,0.018942855255492587,0.006463846348539519,-0.04014040409652342
Treasuries,m=4,-0.01788297145381093,-0.024680755045775556,-0.02938475795503659
EUR/USD,m=1,-0.014446839003734491,-0.015234413607747363,-0.03228710576637961
EUR/USD,m=4,-0.027066294985980007,-0.011538657384961242,-0.0249799733795657
NIFTY 50,m=1,-0.05846357567040537,-0.042309989990349316,-0.052404764041865004
NIFTY 50,m=4,-0.02959844574735742,-0.02226934322437998,-0.05086907779221739
