series,model,QLIKE,QLIKE / HAR,log-MSE,MCS p (QLIKE)
BTC (h=24),EWMA,0.4357453880699739,1.101274030035742,0.9209792416802377,0.044
BTC (h=24),GARCH,0.43816964957381965,1.107400947977492,1.3027977655778828,0.044
BTC (h=24),HAR,0.3956738978543167,1.0,1.0503695033367482,0.21
BTC (h=24),Analogue,0.41209431176189343,1.0414998664218749,1.0536335822757235,0.044
BTC (h=24),Analogue+HAR,0.392335296542014,0.9915622401922202,1.0143957481836325,1.0
ETH (h=24),EWMA,0.41750930082975,1.146980411501023,0.7684705381975707,0.056
ETH (h=24),GARCH,0.3885741979277337,1.0674899757971428,1.0304214342964764,0.139
ETH (h=24),HAR,0.36400735064286466,1.0,0.8497345333263153,0.151
ETH (h=24),Analogue,0.3760140700102193,1.0329848266694337,0.855181750132734,0.139
ETH (h=24),Analogue+HAR,0.3604171134933008,0.9901369103035331,0.8244120072810431,1.0
PAXG (h=24),EWMA,0.6053937501988071,1.1090894856014155,1.1844381410931137,0.282
PAXG (h=24),GARCH,0.593605156764234,1.087492624015016,1.0188394094693762,0.282
PAXG (h=24),HAR,0.5458475245309228,1.0,0.988692785717378,1.0
PAXG (h=24),Analogue,0.6399964655696236,1.1724821251495248,1.2718393837443784,0.176
PAXG (h=24),Analogue+HAR,0.571287707103782,1.0466067563368018,1.0686236672065712,0.282
S&P 500 (h=5),EWMA,0.4419333120405639,1.0749821733055582,0.9252433056168985,0.004
S&P 500 (h=5),GARCH,0.4046186114521431,0.9842159041832501,0.961732850312585,1.0
S&P 500 (h=5),HAR,0.41110757277176413,1.0,1.0124757327926786,0.21
S&P 500 (h=5),Analogue,0.43400796150270327,1.0557041276971388,1.0293136731141763,0.004
S&P 500 (h=5),Analogue+HAR,0.4079824966148939,0.9923983979769567,0.9770655139789377,0.468
S&P 500 (h=22),EWMA,0.3460305774260013,1.222273156802808,0.5262175101563653,0.003
S&P 500 (h=22),GARCH,0.28956092232365066,1.02280713238687,0.521911855268896,0.743
S&P 500 (h=22),HAR,0.2831041289748517,1.0,0.5232413140444758,1.0
S&P 500 (h=22),Analogue,0.3423705468049719,1.2093449433066548,0.5650177609225898,0.036
S&P 500 (h=22),Analogue+HAR,0.28964126310445637,1.0230909176537843,0.4926802565736678,0.743
Nasdaq-100 (h=5),EWMA,0.4463784549607707,1.0224087645026498,0.9779700568399203,0.218
Nasdaq-100 (h=5),GARCH,0.41139970945796694,0.942291600298304,0.9920977560418767,1.0
Nasdaq-100 (h=5),HAR,0.4365949026052327,1.0,0.992521308223903,0.218
Nasdaq-100 (h=5),Analogue,0.473208707593723,1.0838621907173212,1.0281139737162406,0.009
Nasdaq-100 (h=5),Analogue+HAR,0.44440713949537586,1.017893559552634,0.9803030764512938,0.218
Nasdaq-100 (h=22),EWMA,0.39013324452015524,1.2619825657582064,0.6093707068516258,0.105
Nasdaq-100 (h=22),GARCH,0.3028091737895937,0.9795112399204212,0.6382634510824184,1.0
Nasdaq-100 (h=22),HAR,0.30914313327756704,1.0,0.6674842198040408,0.307
Nasdaq-100 (h=22),Analogue,0.44341198158498746,1.4343258311575238,0.8774314808441417,0.073
Nasdaq-100 (h=22),Analogue+HAR,0.34685865477566735,1.1220001916207438,0.7014295412651,0.169
Gold (h=5),EWMA,0.4305192939437846,1.0154534549941234,0.8933675601600336,0.621
Gold (h=5),GARCH,0.41101853741043815,0.9694575823924846,0.9939217037017192,1.0
Gold (h=5),HAR,0.4239675307877859,1.0,0.9906276338081057,0.621
Gold (h=5),Analogue,0.4678287124917587,1.1034541056067977,0.8824470392185735,0.119
Gold (h=5),Analogue+HAR,0.4291651419836224,1.0122594557799713,0.8998150745347134,0.621
Gold (h=22),EWMA,0.23368587963149373,0.8962125635402484,0.402989030628829,0.927
Gold (h=22),GARCH,0.26158706859807834,1.0032168726110209,0.5045831793101674,0.177
Gold (h=22),HAR,0.2607482746150981,1.0,0.5013896595328304,0.336
Gold (h=22),Analogue,0.2363594621506975,0.9064660638679125,0.418019447979381,0.923
Gold (h=22),Analogue+HAR,0.23230576367582817,0.8909196581214003,0.42553487813242874,1.0
Treasuries (h=5),EWMA,0.30210116516530633,1.010158826725415,0.6653067130259563,0.709
Treasuries (h=5),GARCH,0.2916295335690372,0.9751440293432205,0.6728881025768652,1.0
Treasuries (h=5),HAR,0.2990630356066023,1.0,0.7042701196874616,0.709
Treasuries (h=5),Analogue,0.3388412885923425,1.1330095941314053,0.8503002633880015,0.007
Treasuries (h=5),Analogue+HAR,0.30270015285278945,1.012161707777793,0.7328532070225412,0.709
Treasuries (h=22),EWMA,0.18944715922600022,1.0490628224371232,0.2886763819363132,0.805
Treasuries (h=22),GARCH,0.18812885878171284,1.0417627394453566,0.3216311477098639,0.805
Treasuries (h=22),HAR,0.18058704891084343,1.0,0.313937359466914,1.0
Treasuries (h=22),Analogue,0.21496005422378506,1.190340367818468,0.3306648568297112,0.342
Treasuries (h=22),Analogue+HAR,0.1840202947407014,1.0190115838902323,0.292691358684144,0.829
EUR/USD (h=5),EWMA,0.33378770908535677,0.9388070712238946,0.7434813301447772,0.668
EUR/USD (h=5),GARCH,0.330095389079823,0.9284220988715121,0.8506849061307207,1.0
EUR/USD (h=5),HAR,0.3555445195467134,1.0,0.9723800472103848,0.003
EUR/USD (h=5),Analogue,0.3654783207702124,1.0279396831546264,0.9729455402230074,0.001
EUR/USD (h=5),Analogue+HAR,0.3489891392618851,0.9815624206690463,0.9321107190798311,0.023
EUR/USD (h=22),EWMA,0.170869961455997,0.9873293178120309,0.29570956774493334,0.74
EUR/USD (h=22),GARCH,0.18661389023159905,1.078301670853144,0.4041375437340773,0.518
EUR/USD (h=22),HAR,0.17306278500333913,1.0,0.3828624742910359,0.74
EUR/USD (h=22),Analogue,0.17595403790302372,1.016706381442023,0.31338605628562927,0.678
EUR/USD (h=22),Analogue+HAR,0.15762990530867735,0.9108249662435283,0.3146184762527594,1.0
NIFTY 50 (h=5),EWMA,0.43538203857208996,1.072570833774452,0.9407385303597013,0.443
NIFTY 50 (h=5),GARCH,0.40751022256309416,1.0039081552826592,0.9824382926752459,0.905
NIFTY 50 (h=5),HAR,0.40592380928348576,1.0,0.9430903367415714,1.0
NIFTY 50 (h=5),Analogue,0.4487807980527823,1.1055788987715338,0.9526824368732975,0.443
NIFTY 50 (h=5),Analogue+HAR,0.41522180620458543,1.022905768788266,0.9188226201137999,0.804
NIFTY 50 (h=22),EWMA,0.4740290715284693,1.0438047891962696,0.6592929935371395,0.628
NIFTY 50 (h=22),GARCH,0.4059421497440388,0.893878425374189,0.5411849469412859,1.0
NIFTY 50 (h=22),HAR,0.45413575070245843,1.0,0.57461492821692,0.628
NIFTY 50 (h=22),Analogue,0.5775788033604576,1.271819720132267,0.8301343480763448,0.108
NIFTY 50 (h=22),Analogue+HAR,0.4865323397100364,1.0713367951267145,0.6279820518665349,0.628
