series,model,base rate,log-loss,Brier,AUC
BTC (h=24),Constant,0.27585563044980116,0.590725974846479,0.20041436234081372,0.5157584319490137
BTC (h=24),Poisson (v1),0.27585563044980116,0.6187292468122904,0.21347703310905683,0.5403373316796958
BTC (h=24),Hawkes,0.27585563044980116,0.5769232178202355,0.19421875966964558,0.5931081199857917
BTC (h=24),Logistic-EWMA,0.27585563044980116,0.5672552522015448,0.19065737956985898,0.6284409553657717
BTC (h=24),Analogue,0.27585563044980116,0.5855940122960661,0.19740541608450865,0.5889861404631612
ETH (h=24),Constant,0.26941389547584815,0.5843595866814136,0.19745865663583045,0.5267656140610758
ETH (h=24),Poisson (v1),0.26941389547584815,0.6164996346711534,0.2120776094446065,0.5191943738316138
ETH (h=24),Hawkes,0.26941389547584815,0.5709000577375063,0.191197765165274,0.6021747021516491
ETH (h=24),Logistic-EWMA,0.26941389547584815,0.5630846798720525,0.18807166490659602,0.624926488445407
ETH (h=24),Analogue,0.26941389547584815,0.5735647493099956,0.19206892337785417,0.6082081829655426
PAXG (h=24),Constant,0.22816418390311863,0.5397393488203394,0.17703758854542315,0.4414062820997612
PAXG (h=24),Poisson (v1),0.22816418390311863,0.5754022563697709,0.19252793228918863,0.5387258713330374
PAXG (h=24),Hawkes,0.22816418390311863,0.5235183347472288,0.1704580867777576,0.5609752756103837
PAXG (h=24),Logistic-EWMA,0.22816418390311863,0.5051202370741126,0.16505468526324243,0.6634486292623428
PAXG (h=24),Analogue,0.22816418390311863,0.5184450242291576,0.16966063610884255,0.635348062173899
S&P 500 (h=5),Constant,0.05104568761882814,0.20179892739617347,0.04846203533452673,0.47812545012076085
S&P 500 (h=5),Poisson (v1),0.05104568761882814,0.21118754218894825,0.05002141508055356,0.5325954584930926
S&P 500 (h=5),Hawkes,0.05104568761882814,0.17232685349564433,0.04270554884924033,0.7367836321666934
S&P 500 (h=5),Logistic-EWMA,0.05104568761882814,0.170490964849966,0.043783219926008754,0.8006767623456946
S&P 500 (h=5),Analogue,0.05104568761882814,0.1779495161667024,0.04456816499232336,0.763693504405376
S&P 500 (h=22),Constant,0.15098039215686274,0.42618137628765623,0.12867974137345312,0.5249933475508246
S&P 500 (h=22),Poisson (v1),0.15098039215686274,0.49782823994257985,0.15655401155690823,0.4944176766679304
S&P 500 (h=22),Hawkes,0.15098039215686274,0.3906960470365694,0.11630461121572944,0.658856127450548
S&P 500 (h=22),Logistic-EWMA,0.15098039215686274,0.37743397084899416,0.11418349286144842,0.7431116794694314
S&P 500 (h=22),Analogue,0.15098039215686274,0.40948082803529273,0.12431069921929008,0.6919663710910504
Nasdaq-100 (h=5),Constant,0.05157829585310501,0.22131304554765469,0.049787252289277266,0.40588557755057647
Nasdaq-100 (h=5),Poisson (v1),0.05157829585310501,0.217103513376013,0.050535246732002555,0.48742919295192516
Nasdaq-100 (h=5),Hawkes,0.05157829585310501,0.20192408927572497,0.04601329415733416,0.5880100065259952
Nasdaq-100 (h=5),Logistic-EWMA,0.05157829585310501,0.18052678360866603,0.04589110239816666,0.7736140961496628
Nasdaq-100 (h=5),Analogue,0.05157829585310501,0.17522186692332828,0.04386881738911945,0.7636693495758103
Nasdaq-100 (h=22),Constant,0.12750749365921143,0.43653848185967264,0.13117814529946392,0.33899539891959674
Nasdaq-100 (h=22),Poisson (v1),0.12750749365921143,0.4607462923316415,0.14195037402812183,0.5067510867113457
Nasdaq-100 (h=22),Hawkes,0.12750749365921143,0.3914935019257842,0.11353199053261398,0.48889609433839637
Nasdaq-100 (h=22),Logistic-EWMA,0.12750749365921143,0.36715595419502595,0.10775087149559705,0.6530929697326519
Nasdaq-100 (h=22),Analogue,0.12750749365921143,0.38182729523784487,0.11193615163226799,0.6416762880922433
Gold (h=5),Constant,0.055150884495317375,0.22627711303604092,0.05276567475425182,0.5343760389826282
Gold (h=5),Poisson (v1),0.055150884495317375,0.21750526686000848,0.0525520217515167,0.4990856952871748
Gold (h=5),Hawkes,0.055150884495317375,0.21643312527260783,0.05140670969815662,0.5779568146870584
Gold (h=5),Logistic-EWMA,0.055150884495317375,0.21330259629510714,0.051518938502464605,0.633896288754052
Gold (h=5),Analogue,0.055150884495317375,0.21069113779936813,0.051410759715065334,0.6705912070900174
Gold (h=22),Constant,0.1928374655647383,0.4964473226882963,0.15740249912581547,0.44604461238420284
Gold (h=22),Poisson (v1),0.1928374655647383,0.5105084974137698,0.16340166038327883,0.481332276938079
Gold (h=22),Hawkes,0.1928374655647383,0.4959194404338223,0.15712508103754122,0.49188429424670893
Gold (h=22),Logistic-EWMA,0.1928374655647383,0.48788311788702665,0.15509242550878782,0.5838607691370064
Gold (h=22),Analogue,0.1928374655647383,0.5036529518671002,0.16045328288920999,0.5749196276206728
Treasuries (h=5),Constant,0.027052458245118795,0.14580314346346096,0.029088519711028892,0.44982760070641664
Treasuries (h=5),Poisson (v1),0.027052458245118795,0.1370376898968958,0.027842808396299733,0.5360692961062988
Treasuries (h=5),Hawkes,0.027052458245118795,0.12671118835459028,0.026768060593798382,0.5520172819779665
Treasuries (h=5),Logistic-EWMA,0.027052458245118795,0.12310356743975827,0.026791951465152085,0.6774114876797578
Treasuries (h=5),Analogue,0.027052458245118795,0.1280506498962202,0.02732771758558888,0.6445179127070894
Treasuries (h=22),Constant,0.09323006310958118,0.3248074899776912,0.08757220368779108,0.36349499914827343
Treasuries (h=22),Poisson (v1),0.09323006310958118,0.3627692141684043,0.09917279986123773,0.47105784440172294
Treasuries (h=22),Hawkes,0.09323006310958118,0.3404475896678399,0.09266492389135388,0.4336680213174993
Treasuries (h=22),Logistic-EWMA,0.09323006310958118,0.31845574383785696,0.08574547236943197,0.5898737011169786
Treasuries (h=22),Analogue,0.09323006310958118,0.32777093501278365,0.09016099260650252,0.582707517095369
EUR/USD (h=5),Constant,0.037690263348634935,0.16807768420692878,0.037087039331087465,0.35496372403226534
EUR/USD (h=5),Poisson (v1),0.037690263348634935,0.17036127340664348,0.037062618826964815,0.4544152391252567
EUR/USD (h=5),Hawkes,0.037690263348634935,0.15297395571803776,0.03584330389936013,0.6609750091736032
EUR/USD (h=5),Logistic-EWMA,0.037690263348634935,0.14891166813478862,0.0352143492153302,0.7252610453401315
EUR/USD (h=5),Analogue,0.037690263348634935,0.16051308122703326,0.0361608871555568,0.6353050142593201
EUR/USD (h=22),Constant,0.16055321707757064,0.4942694600959444,0.14362761094644033,0.3515407853363811
EUR/USD (h=22),Poisson (v1),0.16055321707757064,0.47925128393232436,0.14386722106100577,0.46629247019306097
EUR/USD (h=22),Hawkes,0.16055321707757064,0.45761545425914857,0.13278759463274806,0.5314871006514064
EUR/USD (h=22),Logistic-EWMA,0.16055321707757064,0.44714443843323187,0.13416165106284564,0.5969060880203471
EUR/USD (h=22),Analogue,0.16055321707757064,0.4585078669681928,0.12864975286746044,0.6674594614897568
NIFTY 50 (h=5),Constant,0.03504823151125402,0.15802450448695804,0.03411056954538537,0.3690818656778016
NIFTY 50 (h=5),Poisson (v1),0.03504823151125402,0.16259767105786133,0.03491863059411215,0.49451253251974114
NIFTY 50 (h=5),Hawkes,0.03504823151125402,0.1550670351446029,0.03420692379503504,0.5584132506289953
NIFTY 50 (h=5),Logistic-EWMA,0.03504823151125402,0.1311614292064547,0.030561760412400826,0.7688721496504224
NIFTY 50 (h=5),Analogue,0.03504823151125402,0.13664849696787906,0.032168934288556716,0.7499442081997132
NIFTY 50 (h=22),Constant,0.14258188824662812,0.48935858609852934,0.1298750139834389,0.38109057090798665
NIFTY 50 (h=22),Poisson (v1),0.14258188824662812,0.5043730065015447,0.1523136069072028,0.3352063088369268
NIFTY 50 (h=22),Hawkes,0.14258188824662812,0.47319604421584366,0.12687942192449775,0.5170940252049803
NIFTY 50 (h=22),Logistic-EWMA,0.14258188824662812,0.46063332312370975,0.12140573766654096,0.5829334952930458
NIFTY 50 (h=22),Analogue,0.14258188824662812,0.42689844954998724,0.12249726203763284,0.615821439416945
