mode,threads,bars,seconds,bars / s
"kNN, history 5000",1,25000,2.85376966700278,8760.342605455147
"kNN, history 5000",1,50000,7.1994295839976985,6944.994657790097
"kNN, history 5000",1,100000,16.19181404199844,6175.960256251665
"kNN, history 5000",1,200000,33.86415308299911,5905.950150585824
"kNN, history 5000",10,25000,0.521046458001365,47980.36646462437
"kNN, history 5000",10,50000,1.448692291000043,34513.88559918727
"kNN, history 5000",10,100000,3.216034500001115,31094.193796728654
"kNN, history 5000",10,200000,6.76629395800046,29558.278319185374
"kNN, full history",1,25000,6.353337332999217,3934.939810318282
"kNN, full history",1,50000,22.092909666000196,2263.1695306728802
"kNN, full history",1,100000,75.59807933299817,1322.7849289598357
"kNN, full history",1,200000,297.0547164999989,673.2766352154545
"kNN, full history",10,25000,1.2841129999978875,19468.691618293036
"kNN, full history",10,50000,5.170034750000923,9671.114879835397
"kNN, full history",10,100000,20.76969037500021,4814.708269333023
"kNN, full history",10,200000,92.54195695899762,2161.181874386054
"kernel, full history",1,25000,3.803671125002438,6572.597676930855
"kernel, full history",1,50000,16.395428333999007,3049.630603203918
"kernel, full history",1,100000,66.71044837499721,1499.015558070804
"kernel, full history",1,200000,276.857377291999,722.3936091436053
"kernel, full history",10,25000,0.8494392920001701,29431.179173655408
"kernel, full history",10,50000,4.148129457997129,12053.625738127725
"kernel, full history",10,100000,19.661010208001244,5086.208640454497
"kernel, full history",10,200000,88.70325308300016,2254.708740082608
