series,model,QLIKE,QLIKE / HAR (expanding),MCS p (QLIKE)
BTC (h=24),HAR (expanding),0.3956738978543167,1.0,0.21
BTC (h=24),Analogue+HAR (expanding),0.392335296542014,0.9915622401922202,1.0
BTC (h=24),HAR (rolling 2190),0.4279219588095109,1.0815016131467625,0.0
BTC (h=24),Analogue+HAR (rolling 2190),0.4085447429803267,1.0325289214067614,0.0
BTC (h=24),HAR (rolling 8760),0.40694078311374315,1.0284751794862514,0.0
BTC (h=24),Analogue+HAR (rolling 8760),0.3986785369943093,1.0075937259351357,0.103
ETH (h=24),HAR (expanding),0.36400735064286466,1.0,0.426
ETH (h=24),Analogue+HAR (expanding),0.3604171134933008,0.9901369103035331,1.0
ETH (h=24),HAR (rolling 2190),0.38780508870704616,1.0653770810456242,0.051
ETH (h=24),Analogue+HAR (rolling 2190),0.37345012557443263,1.0259411655146284,0.148
ETH (h=24),HAR (rolling 8760),0.3746342494633763,1.029194187429852,0.178
ETH (h=24),Analogue+HAR (rolling 8760),0.36726074038918316,1.0089377034298148,0.426
PAXG (h=24),HAR (expanding),0.5458475245309228,1.0,0.362
PAXG (h=24),Analogue+HAR (expanding),0.571287707103782,1.0466067563368018,0.334
PAXG (h=24),HAR (rolling 2190),0.47817325528191945,0.8760198293339159,1.0
PAXG (h=24),Analogue+HAR (rolling 2190),0.527272035589252,0.9659694546427892,0.362
PAXG (h=24),HAR (rolling 8760),0.528846193310587,0.968853332741692,0.476
PAXG (h=24),Analogue+HAR (rolling 8760),0.564823290851385,1.034763858894055,0.362
S&P 500 (h=5),HAR (expanding),0.41110757277176413,1.0,0.543
S&P 500 (h=5),Analogue+HAR (expanding),0.4079824966148939,0.9923983979769567,1.0
S&P 500 (h=5),HAR (rolling 250),0.44257226996666454,1.0765364086649136,0.016
S&P 500 (h=5),Analogue+HAR (rolling 250),0.4210180956041957,1.0241068846424135,0.285
S&P 500 (h=5),HAR (rolling 1000),0.4268509471815072,1.0382950241067035,0.285
S&P 500 (h=5),Analogue+HAR (rolling 1000),0.4193196305989436,1.0199754477199539,0.435
S&P 500 (h=22),HAR (expanding),0.2831041289748517,1.0,1.0
S&P 500 (h=22),Analogue+HAR (expanding),0.28964126310445637,1.0230909176537843,0.607
S&P 500 (h=22),HAR (rolling 250),0.3777618607495088,1.334356592104192,0.011
S&P 500 (h=22),Analogue+HAR (rolling 250),0.3445664543118746,1.2171014797967945,0.047
S&P 500 (h=22),HAR (rolling 1000),0.31124614296984365,1.0994051697405367,0.1
S&P 500 (h=22),Analogue+HAR (rolling 1000),0.3137487791240885,1.1082451543896732,0.149
Nasdaq-100 (h=5),HAR (expanding),0.4365949026052327,1.0,1.0
Nasdaq-100 (h=5),Analogue+HAR (expanding),0.44440713949537586,1.017893559552634,0.596
Nasdaq-100 (h=5),HAR (rolling 250),0.47834514878169826,1.095626966616731,0.002
Nasdaq-100 (h=5),Analogue+HAR (rolling 250),0.45889748023041316,1.0510830004933576,0.046
Nasdaq-100 (h=5),HAR (rolling 1000),0.44061989321982614,1.0092190508651742,0.669
Nasdaq-100 (h=5),Analogue+HAR (rolling 1000),0.44528608159621186,1.01990673491403,0.596
Nasdaq-100 (h=22),HAR (expanding),0.30914313327756704,1.0,1.0
Nasdaq-100 (h=22),Analogue+HAR (expanding),0.34685865477566735,1.1220001916207438,0.145
Nasdaq-100 (h=22),HAR (rolling 250),0.43889720874715477,1.419721680678855,0.001
Nasdaq-100 (h=22),Analogue+HAR (rolling 250),0.4236182549847221,1.3702981220817625,0.043
Nasdaq-100 (h=22),HAR (rolling 1000),0.3526917232610845,1.140868695745595,0.137
Nasdaq-100 (h=22),Analogue+HAR (rolling 1000),0.3786564699690961,1.2248580971362408,0.137
Gold (h=5),HAR (expanding),0.4239675307877859,1.0,1.0
Gold (h=5),Analogue+HAR (expanding),0.4291651419836224,1.0122594557799713,0.876
Gold (h=5),HAR (rolling 250),0.4570200641843765,1.077960058250628,0.162
Gold (h=5),Analogue+HAR (rolling 250),0.4441682722326881,1.0476469068453584,0.529
Gold (h=5),HAR (rolling 1000),0.42980110789054404,1.0137594902419027,0.876
Gold (h=5),Analogue+HAR (rolling 1000),0.4385508079869076,1.0343971557728115,0.529
Gold (h=22),HAR (expanding),0.2607482746150981,1.0,0.507
Gold (h=22),Analogue+HAR (expanding),0.23230576367582817,0.8909196581214003,0.754
Gold (h=22),HAR (rolling 250),0.2464854608117552,0.9453004480110296,0.608
Gold (h=22),Analogue+HAR (rolling 250),0.22892846775814715,0.8779673349558246,1.0
Gold (h=22),HAR (rolling 1000),0.2581980062490231,0.9902194238108016,0.507
Gold (h=22),Analogue+HAR (rolling 1000),0.23632111566177472,0.9063190006170458,0.74
Treasuries (h=5),HAR (expanding),0.2990630356066023,1.0,1.0
Treasuries (h=5),Analogue+HAR (expanding),0.30270015285278945,1.012161707777793,0.573
Treasuries (h=5),HAR (rolling 250),0.32061486513924786,1.072064504691899,0.223
Treasuries (h=5),Analogue+HAR (rolling 250),0.3169042348773809,1.0596569858076594,0.223
Treasuries (h=5),HAR (rolling 1000),0.3341244260256092,1.117237459145997,0.223
Treasuries (h=5),Analogue+HAR (rolling 1000),0.32644268337270343,1.0915514273121913,0.223
Treasuries (h=22),HAR (expanding),0.18058704891084343,1.0,1.0
Treasuries (h=22),Analogue+HAR (expanding),0.1840202947407014,1.0190115838902323,0.829
Treasuries (h=22),HAR (rolling 250),0.2180094433950932,1.20722634712706,0.551
Treasuries (h=22),Analogue+HAR (rolling 250),0.20701470205930989,1.1463430146727405,0.551
Treasuries (h=22),HAR (rolling 1000),0.22710036561620028,1.2575672894921754,0.551
Treasuries (h=22),Analogue+HAR (rolling 1000),0.21235647326722487,1.1759230495652329,0.551
EUR/USD (h=5),HAR (expanding),0.3555445195467134,1.0,0.777
EUR/USD (h=5),Analogue+HAR (expanding),0.3489891392618851,0.9815624206690463,1.0
EUR/USD (h=5),HAR (rolling 250),0.37620950065607695,1.058122063407726,0.124
EUR/USD (h=5),Analogue+HAR (rolling 250),0.3564521910538914,1.0025529053529927,0.777
EUR/USD (h=5),HAR (rolling 1000),0.3577997777729247,1.0063431106436025,0.42
EUR/USD (h=5),Analogue+HAR (rolling 1000),0.3511953308976886,0.9877675272436498,0.777
EUR/USD (h=22),HAR (expanding),0.17306278500333913,1.0,0.594
EUR/USD (h=22),Analogue+HAR (expanding),0.15762990530867735,0.9108249662435283,1.0
EUR/USD (h=22),HAR (rolling 250),0.23131882910258986,1.3366179742116522,0.148
EUR/USD (h=22),Analogue+HAR (rolling 250),0.19201242780001151,1.1094957693897436,0.594
EUR/USD (h=22),HAR (rolling 1000),0.1791297594517719,1.035056493793947,0.594
EUR/USD (h=22),Analogue+HAR (rolling 1000),0.16567477464457214,0.9573102307429963,0.594
NIFTY 50 (h=5),HAR (expanding),0.40592380928348576,1.0,1.0
NIFTY 50 (h=5),Analogue+HAR (expanding),0.41522180620458543,1.022905768788266,0.504
NIFTY 50 (h=5),HAR (rolling 250),0.449470787699937,1.1072786996488773,0.107
NIFTY 50 (h=5),Analogue+HAR (rolling 250),0.4345037579882881,1.070407175068765,0.225
NIFTY 50 (h=5),HAR (rolling 1000),0.4339593398503893,1.0690659920057173,0.107
NIFTY 50 (h=5),Analogue+HAR (rolling 1000),0.4316964941764801,1.063491434361751,0.24
NIFTY 50 (h=22),HAR (expanding),0.45413575070245843,1.0,1.0
NIFTY 50 (h=22),Analogue+HAR (expanding),0.4865323397100364,1.0713367951267145,0.759
NIFTY 50 (h=22),HAR (rolling 250),0.48233095681974336,1.0620854140500335,0.759
NIFTY 50 (h=22),Analogue+HAR (rolling 250),0.515436926440795,1.1349842544735043,0.141
NIFTY 50 (h=22),HAR (rolling 1000),0.48618839200693964,1.0705794275277867,0.759
NIFTY 50 (h=22),Analogue+HAR (rolling 1000),0.5087333740557982,1.1202231343136673,0.236
