series,result,unadjusted,adjusted,change
Emerging mkts (h=22),QLIKE / HAR: HAR,1.0,1.0,0.0
Emerging mkts (h=22),QLIKE / HAR: Analogue,1.1671658281578832,1.172463972094005,0.005298143936121935
Emerging mkts (h=22),QLIKE / HAR: Analogue+HAR,1.0326756085189055,1.0325650498355678,-0.00011055868333764707
Emerging mkts (h=5),QLIKE / HAR: HAR,1.0,1.0,0.0
Emerging mkts (h=5),QLIKE / HAR: Analogue,1.0978939425721157,1.0881036010993386,-0.009790341472777131
Emerging mkts (h=5),QLIKE / HAR: Analogue+HAR,1.012254959054305,1.007339311677769,-0.004915647376536159
Nasdaq-100 (h=22),QLIKE / HAR: HAR,1.0,1.0,0.0
Nasdaq-100 (h=22),QLIKE / HAR: Analogue,1.4343258311575238,1.4185859465019857,-0.015739884655538106
Nasdaq-100 (h=22),QLIKE / HAR: Analogue+HAR,1.1220001916207438,1.1169715930898272,-0.005028598530916639
Nasdaq-100 (h=5),QLIKE / HAR: HAR,1.0,1.0,0.0
Nasdaq-100 (h=5),QLIKE / HAR: Analogue,1.0838621907173212,1.0724817751288018,-0.011380415588519321
Nasdaq-100 (h=5),QLIKE / HAR: Analogue+HAR,1.017893559552634,1.0122393191729375,-0.005654240379696418
Russell 2000 (h=22),QLIKE / HAR: HAR,1.0,1.0,0.0
Russell 2000 (h=22),QLIKE / HAR: Analogue,1.634027172086149,1.6078510805770667,-0.02617609150908229
Russell 2000 (h=22),QLIKE / HAR: Analogue+HAR,1.1722275255715888,1.1624069457360229,-0.009820579835565946
Russell 2000 (h=5),QLIKE / HAR: HAR,1.0,1.0,0.0
Russell 2000 (h=5),QLIKE / HAR: Analogue,1.106669184290467,1.09823979939454,-0.008429384895926928
Russell 2000 (h=5),QLIKE / HAR: Analogue+HAR,1.009645960368445,1.0057031859294892,-0.003942774438955743
Treasuries (h=22),QLIKE / HAR: HAR,1.0,1.0,0.0
Treasuries (h=22),QLIKE / HAR: Analogue,1.190340367818468,1.2006779547907838,0.010337586972315682
Treasuries (h=22),QLIKE / HAR: Analogue+HAR,1.0190115838902325,1.0256215170462315,0.006609933155999004
Treasuries (h=5),QLIKE / HAR: HAR,1.0,1.0,0.0
Treasuries (h=5),QLIKE / HAR: Analogue,1.1330095941314051,1.1341978964794557,0.0011883023480505628
Treasuries (h=5),QLIKE / HAR: Analogue+HAR,1.012161707777793,1.0099372088556364,-0.0022244989221564815
Nasdaq-100,Buy & hold: Sharpe,0.7487964301455788,0.784963512335477,0.03616708218989817
Nasdaq-100,Buy & hold: max DD,-0.5355260760870948,-0.5340400169534869,0.0014860591336078866
Nasdaq-100,Vol target: Analogue+HAR: Sharpe,0.838835260457896,0.881794889179868,0.04295962872197201
Nasdaq-100,Vol target: Analogue+HAR: max DD,-0.4162182938414649,-0.4092519633686774,0.006966330472787496
Treasuries,Buy & hold: Sharpe,-0.0005294108058281,0.1977294779949862,0.1982588888008143
Treasuries,Buy & hold: max DD,-0.5417613837480798,-0.4835114295019573,0.058249954246122504
Treasuries,Vol target: Analogue+HAR: Sharpe,-0.0450939481427985,0.1790656299005885,0.224159578043387
Treasuries,Vol target: Analogue+HAR: max DD,-0.5383765777030611,-0.4463080753195605,0.09206850238350062
Russell 2000,Buy & hold: Sharpe,0.42590422701407,0.4813634177716202,0.05545919075755018
Russell 2000,Buy & hold: max DD,-0.5486876539771067,-0.5425860923235648,0.00610156165354192
Russell 2000,Vol target: Analogue+HAR: Sharpe,0.3894914158754697,0.4798033276132429,0.0903119117377732
Russell 2000,Vol target: Analogue+HAR: max DD,-0.3745545428890543,-0.3518638978642305,0.02269064502482382
Emerging mkts,Buy & hold: Sharpe,0.2346281444042663,0.3323223386720054,0.09769419426773909
Emerging mkts,Buy & hold: max DD,-0.4372510045685942,-0.3982232812828181,0.03902772328577614
Emerging mkts,Vol target: Analogue+HAR: Sharpe,0.2276002219915834,0.3252077195589313,0.0976074975673479
Emerging mkts,Vol target: Analogue+HAR: max DD,-0.4372510045685932,-0.3925685044022798,0.04468250016631342
