series,model,vs,DM stat,p
SOL (h=24),Analogue+HAR,HAR,-0.011077130113344697,0.9911619096480165
SOL (h=24),Analogue,HAR,-2.6566083218915435,0.007893108871848617
SOL (h=24),Analogue+HAR (rolling 8760),HAR (rolling 8760),0.0756809409695616,0.9396729394030575
BNB (h=24),Analogue+HAR,HAR,-1.536284707400199,0.12446856848162866
BNB (h=24),Analogue,HAR,-4.59651389347998,4.296183392898671e-06
BNB (h=24),Analogue+HAR (rolling 8760),HAR (rolling 8760),-3.453041993327655,0.000554302705584522
XRP (h=24),Analogue+HAR,HAR,0.5412338007011142,0.5883464426485676
XRP (h=24),Analogue,HAR,-1.253786305219295,0.20991968819463014
XRP (h=24),Analogue+HAR (rolling 8760),HAR (rolling 8760),-0.034114234818773195,0.9727860573484938
ADA (h=24),Analogue+HAR,HAR,0.3933534747700507,0.6940584275172387
ADA (h=24),Analogue,HAR,-1.3408491364651245,0.1799694391106067
ADA (h=24),Analogue+HAR (rolling 8760),HAR (rolling 8760),-0.2675353420394801,0.789057006498859
LTC (h=24),Analogue+HAR,HAR,-1.6303529511264256,0.10302692233440061
LTC (h=24),Analogue,HAR,-2.734741284775349,0.006242932227390631
LTC (h=24),Analogue+HAR (rolling 8760),HAR (rolling 8760),-1.9499557808661774,0.0511813897230761
