series,strategy,Sharpe,ann. return,max DD,trades,DSR
SOL,Buy & hold,0.8225637542088606,0.3978093164470038,-0.8273561301084227,,
SOL,"v1 (Pine), 1 bp",-1.133966934180557,-0.042489116325859055,-0.1964921381896656,398.0,
SOL,"v1 (Pine), 5 bp",-1.3291111001936797,-0.049557975453298986,-0.21719064658320597,398.0,
SOL,"v2 defaults, 5 bp",-0.6054393016206833,-0.27223997457423177,-0.859296239248651,1910.0,
SOL,"Momentum, 5 bp",0.32090872326561914,0.049545974704539475,-0.36773672197758134,2616.0,
SOL,"v2 walk-forward grid, 5 bp",-0.9213871970033342,-0.3666526868128521,-0.9042440097336378,,0.0001879838192246792
BNB,Buy & hold,1.1330539845274643,0.7775396040001783,-0.7253807254976478,,
BNB,"v1 (Pine), 1 bp",-0.4185953055257562,-0.012117216928507868,-0.09915622544310454,502.0,
BNB,"v1 (Pine), 5 bp",-0.6508331870647367,-0.01857965927292493,-0.12444261101443399,502.0,
BNB,"v2 defaults, 5 bp",-0.048663722533700944,-0.07766689569011587,-0.6415681279677727,2763.0,
BNB,"Momentum, 5 bp",-0.5496967424939454,-0.14919375433768467,-0.767598691263774,3744.0,
BNB,"v2 walk-forward grid, 5 bp",-0.06438858992379319,-0.06617137974085219,-0.5959019478849695,,0.013709951005017698
XRP,Buy & hold,0.8063339166115314,0.3539756159792722,-0.8482792075426915,,
XRP,"v1 (Pine), 1 bp",-0.7610444575280298,-0.027119904584019583,-0.18342699449449185,480.0,
XRP,"v1 (Pine), 5 bp",-0.9452084597630864,-0.03345121997604994,-0.20732583332167354,480.0,
XRP,"v2 defaults, 5 bp",0.7122156171379365,0.21962845991230306,-0.4218115543854929,2667.0,
XRP,"Momentum, 5 bp",-0.07038600869551093,-0.04485196617623877,-0.6178407253252028,3602.0,
XRP,"v2 walk-forward grid, 5 bp",0.6574102210714681,0.1915031053405496,-0.4218115543854929,,0.45778594905798653
ADA,Buy & hold,0.6662718543194273,0.17765049359585583,-0.9551211631663963,,
ADA,"v1 (Pine), 1 bp",-0.32657421420216126,-0.013544407566364214,-0.11373044471086413,550.0,
ADA,"v1 (Pine), 5 bp",-0.5149353739103838,-0.020853834003756955,-0.13704807589723655,550.0,
ADA,"v2 defaults, 5 bp",0.23320389880269388,0.013248975496605864,-0.6974171803346522,2741.0,
ADA,"Momentum, 5 bp",-0.3699740813783179,-0.11106195490259385,-0.607709385509698,3548.0,
ADA,"v2 walk-forward grid, 5 bp",-0.4334959277018905,-0.20896807586472377,-0.8795982193658513,,0.0047329461482376245
LTC,Buy & hold,0.46138939800815565,0.007001964030158403,-0.9037673238336892,,
LTC,"v1 (Pine), 1 bp",-1.0841437855491403,-0.03438435303883691,-0.2097900724093238,489.0,
LTC,"v1 (Pine), 5 bp",-1.2833985125099698,-0.04053323223377436,-0.23675698528172362,489.0,
LTC,"v2 defaults, 5 bp",-0.8173854695447152,-0.3241069822760174,-0.9157127408170466,2727.0,
LTC,"Momentum, 5 bp",-0.6322560689753112,-0.16542713420731625,-0.7358804404441339,3668.0,
LTC,"v2 walk-forward grid, 5 bp",-0.4432569522624688,-0.1943156142909337,-0.7977295501380512,,0.0042914933383572905
DAX,Buy & hold,0.37023192447329895,0.05947028739820226,-0.7268483450958187,,
DAX,"v1 (Pine), 1 bp",0.19803991113900407,0.0017622586452445965,-0.06111060612407493,72.0,
DAX,"v1 (Pine), 5 bp",0.174431067673277,0.0015483906593156682,-0.062233596747278686,72.0,
DAX,"v2 defaults, 5 bp",0.18904709822390317,0.01091681066841299,-0.2955338557738506,309.0,
DAX,"Momentum, 5 bp",-0.20602570598551906,-0.010377499732100115,-0.3709953405544152,496.0,
DAX,"v2 walk-forward grid, 5 bp",-0.12385678918788663,-0.011719385832366647,-0.4785748362081804,,0.010590221160490262
Nikkei 225,Buy & hold,0.3187539089913157,0.047221541941121936,-0.8187120117786129,,
Nikkei 225,"v1 (Pine), 1 bp",0.13946355421962908,0.0013849832417749397,-0.08405837764687663,143.0,
Nikkei 225,"v1 (Pine), 5 bp",0.11362926765267375,0.001118740711295807,-0.08697422910779684,143.0,
Nikkei 225,"v2 defaults, 5 bp",0.37158108217542957,0.027565270343302695,-0.2644586808902356,637.0,
Nikkei 225,"Momentum, 5 bp",0.2049964475396769,0.009436474393903715,-0.2404388592668275,845.0,
Nikkei 225,"v2 walk-forward grid, 5 bp",-0.024394185791550897,-0.005471202837985523,-0.7078232314278439,,0.02713821854667996
FTSE 100,Buy & hold,0.27247750504659646,0.03323659169826709,-0.5256991273898155,,
FTSE 100,"v1 (Pine), 1 bp",0.17204485065974462,0.001270113583026422,-0.053127948667873515,93.0,
FTSE 100,"v1 (Pine), 5 bp",0.13889113083935828,0.0010205368304330165,-0.054485754021901256,93.0,
FTSE 100,"v2 defaults, 5 bp",0.16761276020271657,0.00906358184438072,-0.26120919881495996,315.0,
FTSE 100,"Momentum, 5 bp",-0.3793638464749935,-0.018107149514998477,-0.47006326810749033,559.0,
FTSE 100,"v2 walk-forward grid, 5 bp",-0.05058982196560725,-0.005665371054280666,-0.2794651101389237,,0.01350933128619161
Hang Seng,Buy & hold,0.2523563845348796,0.03216581129881191,-0.6518186042408534,,
Hang Seng,"v1 (Pine), 1 bp",0.14774274748675528,0.0010781218644690949,-0.027614666599838023,63.0,
Hang Seng,"v1 (Pine), 5 bp",0.12334266942757653,0.0008959085853705862,-0.02815885911375815,63.0,
Hang Seng,"v2 defaults, 5 bp",-0.20539633516717068,-0.020553774971871497,-0.6217744777103378,410.0,
Hang Seng,"Momentum, 5 bp",0.00763895228538776,-0.0007341237583843307,-0.24093314970496305,510.0,
Hang Seng,"v2 walk-forward grid, 5 bp",0.016762141532275496,-0.0021156623369493754,-0.48576963739699575,,0.06035286199050015
Russell 2000,Buy & hold,0.5247558130215217,0.09506995383417305,-0.42261010831693935,,
Russell 2000,"v1 (Pine), 1 bp",-0.396595603951302,-0.003676517403854107,-0.08963183366251115,43.0,
Russell 2000,"v1 (Pine), 5 bp",-0.4195736916968798,-0.0038905882985471596,-0.09086310697897382,43.0,
Russell 2000,"v2 defaults, 5 bp",-0.002782037909023323,-0.003068418494352576,-0.26924031830484707,206.0,
Russell 2000,"Momentum, 5 bp",-0.31069075916725597,-0.014555749896077663,-0.2878239065688911,283.0,
Russell 2000,"v2 walk-forward grid, 5 bp",0.002089473186007819,-0.0029785617874816817,-0.3513108838034855,,0.05645687625097352
Emerging mkts,Buy & hold,0.2971864625025021,0.04075880178926039,-0.4145962587796952,,
Emerging mkts,"v1 (Pine), 1 bp",-0.4813454908965959,-0.006509913986883609,-0.08876640117817103,56.0,
Emerging mkts,"v1 (Pine), 5 bp",-0.5064417700644628,-0.006849085368342167,-0.09278313474450417,56.0,
Emerging mkts,"v2 defaults, 5 bp",0.20415264447384837,0.014233816842468272,-0.26518766478327005,194.0,
Emerging mkts,"Momentum, 5 bp",-0.39139168986177125,-0.020965794654031034,-0.3206296736905764,268.0,
Emerging mkts,"v2 walk-forward grid, 5 bp",-0.11617145444889408,-0.015054068191347914,-0.33681969153738156,,0.03971757791759489
Silver,Buy & hold,0.4902442759790957,0.11071464324780034,-0.522821968581777,,
Silver,"v1 (Pine), 1 bp",-0.18330205404468441,-0.0018940956530187902,-0.0340138470193061,17.0,
Silver,"v1 (Pine), 5 bp",-0.19672937074365707,-0.0020302139472694325,-0.03405170849875294,17.0,
Silver,"v2 defaults, 5 bp",0.30067405355187177,0.020012886691511467,-0.17479216501005712,125.0,
Silver,"Momentum, 5 bp",-0.21219176185701955,-0.011407277382696646,-0.25984432272127156,195.0,
Silver,"v2 walk-forward grid, 5 bp",-0.7378253605059786,-0.05528893023183412,-0.47662321749701686,,4.314379180698311e-05
Oil,Buy & hold,0.33606789328998976,0.05471998945659884,-0.8675373056873746,,
Oil,"v1 (Pine), 1 bp",0.04499512481098752,0.0005970740461560542,-0.056197089049784044,25.0,
Oil,"v1 (Pine), 5 bp",0.032576269392992574,0.00039619247814237646,-0.056811266552842854,25.0,
Oil,"v2 defaults, 5 bp",-0.13156874367655724,-0.012857100484408357,-0.25655219032595833,126.0,
Oil,"Momentum, 5 bp",0.4029235991608184,0.018170938954554572,-0.09824753833801902,184.0,
Oil,"v2 walk-forward grid, 5 bp",-0.10680926022416863,-0.011419791299859039,-0.24043058515992788,,0.018195445586714872
GBP/USD,Buy & hold,-0.1248416023756269,-0.015004184178605384,-0.37488471309337723,,
GBP/USD,"v1 (Pine), 1 bp",0.2685230826394868,0.0009791813414534722,-0.007707314569813994,36.0,
GBP/USD,"v1 (Pine), 5 bp",0.2077215493502379,0.0007561182506128361,-0.008418073427988504,36.0,
GBP/USD,"v2 defaults, 5 bp",-0.3700771695135574,-0.009289662326271375,-0.13331147821783995,28.0,
GBP/USD,"Momentum, 5 bp",-0.3918772282078948,-0.01557927253294078,-0.2418975659497553,206.0,
GBP/USD,"v2 walk-forward grid, 5 bp",-0.07700321988770684,-0.0026913505691597006,-0.08056200793154167,,0.057731477766042594
USD/JPY,Buy & hold,0.1848039741836805,0.014148404049995289,-0.38791014084908393,,
USD/JPY,"v1 (Pine), 1 bp",0.017967023259623023,6.871893902804516e-05,-0.01713336142219868,45.0,
USD/JPY,"v1 (Pine), 5 bp",-0.023466693545942746,-0.00011182127876374626,-0.01831053259214044,45.0,
USD/JPY,"v2 defaults, 5 bp",-0.07816581647663373,-0.003988407555304718,-0.16485879259202163,90.0,
USD/JPY,"Momentum, 5 bp",-0.19984430460262978,-0.009105911213289186,-0.23600346399364025,334.0,
USD/JPY,"v2 walk-forward grid, 5 bp",-0.2017024742396617,-0.00847844350759086,-0.26963345457721544,,0.007062612331311968
