series,full,m=1 (level only),m=2,m=8,no regime mixture,no exclusion zone,Gaussian kernel (bw 0.6),history capped at 5000
SOL (h=24),1.0,1.0001304442011443,0.9974452481043031,0.9826903533415807,1.0137400242363328,1.067447775593086,0.9706005171479739,1.1367229220464778
BNB (h=24),1.0,0.9585166350232409,0.9693720793491003,1.0066134716871475,1.0120551014016983,1.070460707622391,0.9695337485769631,1.0872350420469203
XRP (h=24),1.0,0.9884108523078623,0.9990197596961973,1.0104323930627195,1.021712434038685,1.1108750446176694,0.9793212826200485,1.0395506905879708
ADA (h=24),1.0,1.023791517301043,1.0260863985656794,1.0425683847374307,1.012215616911459,1.092238228308422,0.987814399899007,1.1201992078281393
LTC (h=24),1.0,0.9785171975500504,0.9704804698511664,1.0147367236368015,0.9960555601738287,1.0802242310079728,0.9754910249445756,1.1138176861858542
DAX (h=5),1.0,1.0259701104604726,1.002198764135224,1.0177866381797562,0.9934821258951416,0.9976661350300562,0.9715021438254623,0.9994414714619948
DAX (h=22),1.0,0.9102803755351567,0.9642466330427653,1.0277028981779839,0.8930379511322952,0.9485556484049853,0.9422339629005061,0.995915479298038
Nikkei 225 (h=5),1.0,1.0292859648570054,1.0017214354351283,1.0140090454444544,1.0103374652045525,1.018453769220231,0.9707199065077815,1.0099530164566448
Nikkei 225 (h=22),1.0,0.9796004654838759,0.9215202525551986,1.0546809160888473,0.9722100521928223,1.03101376348986,0.9156962082456747,1.0093597879129819
FTSE 100 (h=5),1.0,0.9997597169984477,0.9940526311163678,1.0331669519799924,1.0162551758586311,0.981261182056766,0.9535424910399729,1.0122848035616632
FTSE 100 (h=22),1.0,0.9045889154392159,0.9211271353956022,1.0984106879805589,0.995471719988611,1.041322357438206,0.9470155130191957,1.0173271544866724
Hang Seng (h=5),1.0,1.0130021652187169,0.9848820705992618,0.966113951150212,0.9788874764160709,0.9961525098051661,0.9511576851151033,1.0198526031724175
Hang Seng (h=22),1.0,1.0920754321825188,1.1346516909394293,0.9897613873974654,0.9962801999282914,1.1177783801125882,0.89648340120757,0.9954908378988149
Russell 2000 (h=5),1.0,0.9968618210393927,0.9634130207077571,1.0396251683603128,1.0005747271303946,0.9867865278834723,0.9229885010970761,0.9991308920681842
Russell 2000 (h=22),1.0,0.847361795377167,0.9488239007487955,1.0281685566367893,0.9512105060348657,1.0367615656537736,0.9231148510935036,0.9967100338871462
Emerging mkts (h=5),1.0,0.9745093000526109,0.9864796383057172,0.9918712124250633,1.00165888199453,1.021552810453027,0.9517990030983231,0.9984223067728819
Emerging mkts (h=22),1.0,1.101576430667516,0.9643661624790664,1.1634625240182963,0.9743228385407138,1.1514598425365115,1.009975267576982,1.019153418823867
Silver (h=5),1.0,1.0618619044976725,1.0070891010100749,1.0039286457487928,1.0028893828055814,1.0039552003300865,0.9650332472356138,0.99999426297874
Silver (h=22),1.0,0.9120491348819761,0.9174066681269027,0.9474191187659978,1.048043615712982,0.9966886043386047,0.8934886812483481,1.0000154816631275
Oil (h=5),1.0,1.0376591299143836,0.9846424021357519,0.9878292354877207,0.9459803179123619,0.9521903914722225,0.9097297890356433,0.9999990603379764
Oil (h=22),1.0,0.8463290794827513,0.9122613821334511,1.0410766162024616,0.9143073493639307,1.0418589637553073,0.9498595903614194,1.0000050442584034
GBP/USD (h=5),1.0,1.0804757117620327,1.0119212632398027,1.015658874209037,1.0053272902721708,0.9980249978165588,0.9533579497101059,0.9980715778796678
GBP/USD (h=22),1.0,0.9786739171338432,0.9624378506617217,0.9782069303214737,0.9860017491899988,0.9565605138666915,0.9492668171364359,1.0008774681139543
USD/JPY (h=5),1.0,1.0151712729145401,0.9924076934289884,1.0128948561798994,1.0052386908882245,0.9928651371408768,0.9711669250942303,1.003105922532356
USD/JPY (h=22),1.0,1.0029049588061194,0.971574257033513,1.0881163807743484,0.9925258163463737,1.0476565245992646,0.9688157996879098,1.0085690776853826
mean,1.0,0.9903745699635503,0.9803851163518787,1.0222772768798059,0.989592882782822,1.029592432502152,0.951988348297017,1.023248209997851
