series,strategy,Sharpe,ΔSharpe vs B&H,p,ann. vol,max DD,CVaR 5%,avg exposure,turnover / yr
SOL,Buy & hold,0.8225637542088597,,,0.9163487686148951,-0.8273561301084236,-0.022472848592384128,1.0,0.0
SOL,Vol target: EWMA,0.872248181553064,0.04968442734420431,0.678,0.8043893638830005,-0.740133933193569,-0.019791506191836443,0.9136580249540341,2.151660997944383
SOL,Vol target: GARCH,0.7912935623047048,-0.03127019190415492,0.632,0.819579401410861,-0.761459908248707,-0.020202566952166753,0.9486544561860825,12.521212979335731
SOL,Vol target: HAR,0.8457524177035571,0.023188663494697392,0.862,0.8352346041711386,-0.7636154103218362,-0.02057368689947891,0.9562237028056719,5.604974287745695
SOL,Vol target: Analogue,0.8596835538614278,0.037119799652568064,0.554,0.8474822268186863,-0.7676346263696165,-0.020838115975364245,0.9556284074102738,3.3546556459476915
SOL,Vol target: Analogue+HAR,0.8265913652121589,0.004027611003299181,0.926,0.8469196371693174,-0.7718258921922067,-0.020875852583686957,0.9634767015277428,3.4654451892780114
SOL,Kelly (1/var): Analogue+HAR,0.8064363783451964,-0.016127375863663307,0.786,0.8318868366494792,-0.7646418244143467,-0.02049212747070527,0.9695121094090248,11.737935314411052
SOL,Vol target: Analogue+HAR + Hawkes gate,0.19276116486905043,-0.6298025893398094,0.018,0.7536520963843384,-0.8626236219254741,-0.01892327791894164,0.8863267002478686,158.5314280518426
BNB,Buy & hold,1.1330539845274588,,,0.7692431865784864,-0.7253807254976468,-0.01969388644179349,1.0,0.0
BNB,Vol target: EWMA,1.0834613090123832,-0.04959267551507551,0.624,0.6142002666773492,-0.6902117026079149,-0.01584634748563566,0.9087474397971087,2.0064410906127903
BNB,Vol target: GARCH,0.9490511362548286,-0.18400284827263014,0.074,0.6115541140619343,-0.7286978207243655,-0.015936490901540333,0.9199653240371237,30.307213828790324
BNB,Vol target: HAR,1.0639531386559709,-0.0691008458714879,0.478,0.6190027695175319,-0.694451319732061,-0.015998808259269887,0.933026628053026,13.481809688979698
BNB,Vol target: Analogue,1.0741080461162695,-0.058945938411189225,0.564,0.6199707158854398,-0.6969658741879609,-0.015964181457038547,0.9356756441351818,10.006549752911129
BNB,Vol target: Analogue+HAR,1.079081189751288,-0.053972794776170785,0.582,0.6205259320107538,-0.7092274992308641,-0.016035760508034146,0.9303226599805571,7.937477742003751
BNB,Kelly (1/var): Analogue+HAR,1.0077667632463678,-0.12528722128109093,0.444,0.5716809597958123,-0.7080841270116212,-0.01468450386053554,0.9200842516340348,24.990559061430588
BNB,Vol target: Analogue+HAR + Hawkes gate,0.6686124808141085,-0.46444150371335025,0.04,0.5347032331803595,-0.5841270921386172,-0.014071820309625933,0.8491704504782752,154.8671828540976
XRP,Buy & hold,0.8063339166115318,,,1.0255396816410187,-0.84827920754269,-0.025317515727128155,1.0,0.0
XRP,Vol target: EWMA,0.6825853760118474,-0.12374854059968432,0.344,0.7055137087595306,-0.751927303529891,-0.01730413409686522,0.8499041245774467,5.6837379136975965
XRP,Vol target: GARCH,0.5016053596139552,-0.3047285569975765,0.022,0.7047334658670465,-0.745333502364268,-0.0172794150939778,0.8680845869032435,67.35825343969539
XRP,Vol target: HAR,0.5029578966796421,-0.3033760199318897,0.014,0.6958563906448639,-0.7628492645640713,-0.017067171530344784,0.8557094787981827,39.00609760451109
XRP,Vol target: Analogue,0.6596900036706558,-0.14664391294087598,0.28,0.6835378347726117,-0.75263369071783,-0.016643428085212953,0.8481825901792033,33.65231791757825
XRP,Vol target: Analogue+HAR,0.596907387841098,-0.20942652877043377,0.104,0.6861350093199505,-0.7506600938889263,-0.016777319933447457,0.8460228725370045,24.240013431445576
XRP,Kelly (1/var): Analogue+HAR,0.3512059866702273,-0.45512792994130447,0.03,0.5762733050572834,-0.762335213973863,-0.013983984137400308,0.7835306330719187,64.25883901681279
XRP,Vol target: Analogue+HAR + Hawkes gate,0.2218248827734109,-0.5845090338381209,0.018,0.6023116552758775,-0.8327817941667137,-0.014792018976963393,0.7819890595661683,144.91238113784124
ADA,Buy & hold,0.6662718543194276,,,1.0111317254242231,-0.9551211631663965,-0.024912669184199078,1.0,0.0
ADA,Vol target: EWMA,0.42990370404958256,-0.23636815026984503,0.018,0.7875322496500285,-0.9505211197633093,-0.019246917339603226,0.8723045677715592,4.637516140826388
ADA,Vol target: GARCH,0.24394468024493063,-0.42232717407449694,0.0,0.7948664693520259,-0.9678495563936033,-0.019515485436387797,0.8989609087184279,38.76660361488495
ADA,Vol target: HAR,0.37707670984623864,-0.28919514447318895,0.0,0.8088136107462133,-0.95934044683597,-0.019810424180829206,0.9000157619090705,18.38714070641538
ADA,Vol target: Analogue,0.4440103629953028,-0.22226149132412482,0.016,0.811241881587033,-0.9451879825134918,-0.019809430274624194,0.9035413372689738,20.107242006206846
ADA,Vol target: Analogue+HAR,0.4166986321450215,-0.24957322217440608,0.004,0.8106538365221746,-0.9496304254001726,-0.019798963873648302,0.8997145557670514,13.235565854802823
ADA,Kelly (1/var): Analogue+HAR,0.1137963894457067,-0.5524754648737209,0.0,0.7320653421931856,-0.966263164299759,-0.01786211747245723,0.8670662091064573,39.523651245994806
ADA,Vol target: Analogue+HAR + Hawkes gate,-0.22649954268436023,-0.8927713970037878,0.0,0.7287474816915531,-0.9873658244495437,-0.018087700706772573,0.8443546987929003,157.77130245672734
LTC,Buy & hold,0.46138939800815376,,,0.9035452595666639,-0.9037673238336921,-0.023036848159211316,1.0,0.0
LTC,Vol target: EWMA,0.4829455996549594,0.02155620164680566,0.828,0.7414525030158641,-0.8334697159253635,-0.018682995860949278,0.8887920272738102,2.8166090519522764
LTC,Vol target: GARCH,0.43950855192262417,-0.021880846085529593,0.714,0.7428686321099549,-0.8471549049578309,-0.018798357384477708,0.9065775801318584,21.862866552297174
LTC,Vol target: HAR,0.39998157041917665,-0.061407827588977115,0.352,0.737978367968528,-0.850295534880499,-0.018634962820609058,0.908889451833945,18.97451505298224
LTC,Vol target: Analogue,0.47235573387358737,0.010966335865433607,0.886,0.738870874810474,-0.8345249297480062,-0.018515568128924687,0.9028285636916052,18.792970539029366
LTC,Vol target: Analogue+HAR,0.4233816445629092,-0.03800775344524454,0.52,0.7404328937451912,-0.8523437585447202,-0.018638417113588514,0.9080469475259818,12.028586814189271
LTC,Kelly (1/var): Analogue+HAR,0.3885071799678315,-0.07288221804032224,0.488,0.668844164735405,-0.8221440586972166,-0.016746516220027974,0.8702534867266956,36.53555834520468
LTC,Vol target: Analogue+HAR + Hawkes gate,0.16745624726614514,-0.29393315074200865,0.13,0.6661881227759411,-0.909827772364745,-0.016959953904963833,0.8479357869753199,162.99045922938717
DAX,Buy & hold,0.3702319244732985,,,0.22358198857210365,-0.726848345095819,-0.033434186798070475,1.0,0.0
DAX,Vol target: EWMA,0.3974855890574714,0.027253664584172888,0.622,0.16475513007196682,-0.6111945256779252,-0.023995493662368583,0.8673624392552686,0.7985361149735175
DAX,Vol target: GARCH,0.39842352332049125,0.028191598847192745,0.578,0.16599040521848676,-0.6217405716712888,-0.024055327281461446,0.8733330934653921,1.2223641473312845
DAX,Vol target: HAR,0.38554165195116163,0.015309727477863133,0.726,0.16696576419515405,-0.6258148667929118,-0.02425470408511272,0.8724001086851475,1.323272681110792
DAX,Vol target: Analogue,0.378547111524657,0.008315187051358475,0.842,0.16486091282470336,-0.615188910666896,-0.024012756508954194,0.8623967242547287,3.1818243573598357
DAX,Vol target: Analogue+HAR,0.3778107992075511,0.007578874734252616,0.858,0.16595897573273194,-0.6273272730437292,-0.02415460487273052,0.8637060128480049,1.3889082062875733
DAX,Kelly (1/var): Analogue+HAR,0.36806922929227814,-0.0021626951810203576,0.98,0.14689482286814926,-0.5504752652555595,-0.021605396508871836,0.8202138875642476,3.6380018296131835
DAX,Vol target: Analogue+HAR + Hawkes gate,0.412369373000591,0.04213744852729251,0.654,0.15394532447427256,-0.5875110725791028,-0.022828676240788243,0.8209687100191739,2.7428570047190735
Nikkei 225,Buy & hold,0.318753908991316,,,0.22265769367858443,-0.8187120117786116,-0.03282793651409032,1.0,0.0
Nikkei 225,Vol target: EWMA,0.31438271190048644,-0.004371197090829559,0.94,0.14062216232865848,-0.7079309087230625,-0.02082486627835798,0.7192920831391758,0.7620737629590892
Nikkei 225,Vol target: GARCH,0.25248009750888734,-0.06627381148242867,0.154,0.14468175457825708,-0.7767624231416319,-0.02115476894538475,0.7637392547114823,6.065073769769194
Nikkei 225,Vol target: HAR,0.2964053900737354,-0.022348518917580606,0.598,0.13739373499485658,-0.7353488971456377,-0.02000991092082407,0.7257002574245625,4.709968370591725
Nikkei 225,Vol target: Analogue,0.32910894502767757,0.010355036036361565,0.816,0.13209673559620597,-0.6782926210343136,-0.01939471393974294,0.68919465833842,6.743906828404726
Nikkei 225,Vol target: Analogue+HAR,0.3194312295246437,0.0006773205333276966,0.998,0.1362467260816539,-0.7014838576410425,-0.019871605746727517,0.7156957224296264,4.091558624805931
Nikkei 225,Kelly (1/var): Analogue+HAR,0.32092963368800326,0.0021757246966872534,0.954,0.09889804853186852,-0.6320065863716546,-0.014819178268575022,0.5535508143314123,7.901600262435331
Nikkei 225,Vol target: Analogue+HAR + Hawkes gate,0.22561576822884347,-0.09313814076247254,0.212,0.1261558389646278,-0.7203339980735425,-0.018915833180001892,0.6647243100409089,5.841561077450155
FTSE 100,Buy & hold,0.2724775050465962,,,0.17868936036123825,-0.5256991273898138,-0.02710031260921021,1.0,0.0
FTSE 100,Vol target: EWMA,0.20348220032658698,-0.0689953047200092,0.234,0.11663890219826237,-0.43404974867086443,-0.017383424732742094,0.7936581313298534,1.158294069719824
FTSE 100,Vol target: GARCH,0.2167232811756014,-0.05575422387099477,0.336,0.11945563901618222,-0.474914608700708,-0.017618889552080606,0.8118878143296606,1.7556222832789363
FTSE 100,Vol target: HAR,0.22420832074742542,-0.048269184299170764,0.348,0.1254991107216907,-0.4555620133422139,-0.01849187117302063,0.8399483158454938,2.2152677241537226
FTSE 100,Vol target: Analogue,0.20427711846722313,-0.06820038657937305,0.198,0.12176145502291359,-0.47178531135286406,-0.018071877386444956,0.8173220839943997,4.499280377771245
FTSE 100,Vol target: Analogue+HAR,0.21629954656103048,-0.0561779584855657,0.252,0.12325129264171471,-0.4656336334441974,-0.018278084824179662,0.8210325100976227,2.1993912480836983
FTSE 100,Kelly (1/var): Analogue+HAR,0.15259234083882403,-0.11988516420777215,0.154,0.10193291650350014,-0.4154351873043437,-0.015153241138067411,0.7316529429009664,5.423184090458106
FTSE 100,Vol target: Analogue+HAR + Hawkes gate,-0.013138520109881703,-0.2856160251564779,0.028,0.10398928452055574,-0.5079474298119491,-0.01635445854840102,0.6859781935426295,3.3004134520323753
Hang Seng,Buy & hold,0.25235638453487874,,,0.2335228225518483,-0.6518186042408532,-0.0334036034728767,1.0,0.0
Hang Seng,Vol target: EWMA,0.22707010802293526,-0.025286276511943484,0.48,0.1998842191680652,-0.5827241912365204,-0.028268688051361474,0.9114459589005506,0.27205126768516985
Hang Seng,Vol target: GARCH,0.21271759656424905,-0.039638787970629696,0.304,0.20468482136786614,-0.5909722028405741,-0.028981931083164113,0.9426181198860792,0.7722112214932267
Hang Seng,Vol target: HAR,0.21949722523756351,-0.03285915929731523,0.302,0.20451981709594544,-0.5821099673644543,-0.02899953220425721,0.9294581013766701,0.7063667141644482
Hang Seng,Vol target: Analogue,0.22453564019735364,-0.0278207443375251,0.514,0.19908506654261257,-0.6149903238623593,-0.02798961726101784,0.9316129016272704,2.3111853692275584
Hang Seng,Vol target: Analogue+HAR,0.2338063271196831,-0.018550057415195637,0.63,0.20154333489710458,-0.5832662159652564,-0.02834196790015793,0.9297289438076225,1.0388307621353172
Hang Seng,Kelly (1/var): Analogue+HAR,0.1819710954735282,-0.07038528906135055,0.222,0.18895849691618752,-0.6226690808810043,-0.026637831201558246,0.9003246464636689,2.447123392150096
Hang Seng,Vol target: Analogue+HAR + Hawkes gate,0.0992638121077844,-0.15309257242709434,0.06,0.18664240129092877,-0.6859247759702847,-0.02676864048309977,0.883452010949399,3.30176721324205
Russell 2000,Buy & hold,0.42590422701407005,,,0.24695456633979826,-0.5486876539771067,-0.03682703834957233,1.0,0.0
Russell 2000,Vol target: EWMA,0.43890376351878163,0.012999536504711584,0.864,0.17228635970238193,-0.2927223129967399,-0.024738854773940038,0.8430161524576144,0.9966210764602933
Russell 2000,Vol target: GARCH,0.44931191245972696,0.02340768544565691,0.784,0.17329550766252003,-0.3161003141810004,-0.024796021737620372,0.8425968157839648,1.5538529908825884
Russell 2000,Vol target: HAR,0.4471570349366474,0.021252807922577333,0.764,0.1783971916879317,-0.33892919220364703,-0.025668244163842585,0.8582146869653097,1.9256932631984895
Russell 2000,Vol target: Analogue,0.3756727772379349,-0.05023144977613514,0.392,0.17718323041635012,-0.36171579645061036,-0.02577722998191478,0.8392990371116388,3.5149459707047193
Russell 2000,Vol target: Analogue+HAR,0.38949141587546976,-0.03641281113860029,0.532,0.17778199779209083,-0.3745545428890543,-0.02585296100142737,0.8478800518903223,1.8928077916015682
Russell 2000,Kelly (1/var): Analogue+HAR,0.34990577664471717,-0.07599845036935288,0.462,0.15065501569091197,-0.3144422294830891,-0.02192485346119261,0.7706984490372843,4.6105593017757975
Russell 2000,Vol target: Analogue+HAR + Hawkes gate,0.38949141587546976,-0.03641281113860029,0.532,0.17778199779209083,-0.3745545428890543,-0.02585296100142737,0.8478800518903223,1.8928077916015682
Emerging mkts,Buy & hold,0.2346281444042663,,,0.21662528546984564,-0.4372510045685942,-0.03163826196308335,1.0,0.0
Emerging mkts,Vol target: EWMA,0.21920461018623016,-0.015423534218036133,0.192,0.20809018782591243,-0.4383743884628326,-0.030507937932699007,0.9755209800187085,0.07828545941370067
Emerging mkts,Vol target: GARCH,0.22289771875928982,-0.011730425644976478,0.308,0.20747251633426275,-0.43770252921391994,-0.030414200050400225,0.9761754434298462,0.08678154482935364
Emerging mkts,Vol target: HAR,0.2246537238899701,-0.0099744205142962,0.294,0.21307981930830178,-0.44329709940418605,-0.03123795341158621,0.9983159641032435,0.06229784238622208
Emerging mkts,Vol target: Analogue,0.23227399873045163,-0.0023541456738146727,0.314,0.21570213466333524,-0.4372510045685941,-0.031513840575497123,0.9972421937204028,0.02571576627117952
Emerging mkts,Vol target: Analogue+HAR,0.22760022199158347,-0.007027922412682824,0.114,0.2142449450965123,-0.4372510045685932,-0.03133709502480616,0.9941265076516836,0.020807641423677695
Emerging mkts,Kelly (1/var): Analogue+HAR,0.22754444206967794,-0.007083702334588354,0.592,0.204359742893165,-0.4188487584763829,-0.029956045221370263,0.9504305365925023,0.06527763766910359
Emerging mkts,Vol target: Analogue+HAR + Hawkes gate,0.12989787243675993,-0.10473027196750637,0.112,0.2020359738630686,-0.4698602146985251,-0.029574322151948825,0.9760464553593031,2.9221916610545096
Silver,Buy & hold,0.33325700359051136,,,0.30622163821419596,-0.6696139128405214,-0.04544852409609723,1.0,0.0
Silver,Vol target: EWMA,0.34765697861445255,0.014399975023941192,0.786,0.2627631327140736,-0.655525176662946,-0.03845092209821749,0.9271226979533383,0.19270977340378312
Silver,Vol target: GARCH,0.3202966926048656,-0.012960310985645762,0.728,0.26392595966070886,-0.6525667569360971,-0.03901316675906798,0.931092306566507,0.4872070008222354
Silver,Vol target: HAR,0.3147223833973569,-0.01853462019315444,0.558,0.2758264669694617,-0.6633073624128585,-0.04103311745294995,0.9575046986903429,0.34397330982054564
Silver,Vol target: Analogue,0.33254585713063944,-0.0007111464598719142,0.93,0.27427172769476843,-0.6696139128405207,-0.040138057596426684,0.9674424077242488,0.741294580564378
Silver,Vol target: Analogue+HAR,0.34112990481663696,0.007872901226125606,0.858,0.2809974435048317,-0.6671142553798387,-0.041418814451821905,0.9822168915293555,0.3089469891650749
Silver,Kelly (1/var): Analogue+HAR,0.3533641210889142,0.020107117498402827,0.792,0.26406861686849487,-0.6647486644746393,-0.038750339148246736,0.9513615148243709,0.8145045286117463
Silver,Vol target: Analogue+HAR + Hawkes gate,0.34112990481663696,0.007872901226125606,0.858,0.2809974435048317,-0.6671142553798387,-0.041418814451821905,0.9822168915293555,0.3089469891650749
Oil,Buy & hold,0.08960561158558011,,,0.37458779229564215,-0.9458841442730888,-0.05519919539562022,1.0,0.0
Oil,Vol target: EWMA,0.06513638967875708,-0.024469221906823033,0.73,0.2711904226934049,-0.8485749788662484,-0.03951686488712067,0.8353213082009909,1.089544324487341
Oil,Vol target: GARCH,0.07778039276697012,-0.011825218818609998,0.848,0.27172596050864406,-0.8306464183772776,-0.03923795628558947,0.8500116354667206,2.0852876492958003
Oil,Vol target: HAR,0.09983339204995725,0.01022778046437714,0.992,0.27553353552530385,-0.8398081174167569,-0.03985494024643684,0.8567138598568467,1.5146613258598378
Oil,Vol target: Analogue,0.0547151065119985,-0.034890505073581615,0.626,0.2806063536141985,-0.8639924358267703,-0.040532804776708474,0.8596651541356976,3.8999257139757333
Oil,Vol target: Analogue+HAR,0.08032440623950497,-0.009281205346075141,0.848,0.2777232554090302,-0.851868136225943,-0.040065246143611365,0.8560012016157055,1.86309717993508
Oil,Kelly (1/var): Analogue+HAR,0.08707642153070133,-0.0025291900548787827,0.916,0.2385037738509502,-0.7930074078764695,-0.03462544248384116,0.7782879737641382,4.524189913208131
Oil,Vol target: Analogue+HAR + Hawkes gate,0.08032440623950497,-0.009281205346075141,0.848,0.2777232554090302,-0.851868136225943,-0.040065246143611365,0.8560012016157055,1.86309717993508
GBP/USD,Buy & hold,-0.08623211084375818,,,0.08735322093051497,-0.37488471309337545,-0.012103753046805464,1.0,0.0
GBP/USD,Vol target: EWMA,-0.12501046238967095,-0.038778351545912776,0.16,0.08167800263933085,-0.37176784690553066,-0.011365863074799273,0.95275741870613,0.17642925276147395
GBP/USD,Vol target: GARCH,-0.11931146566708828,-0.033079354823330104,0.2,0.08355962858893405,-0.37675040010839234,-0.011590019139682993,0.9752796998600949,0.16970984091727717
GBP/USD,Vol target: HAR,-0.10186173739562553,-0.01562962655186735,0.452,0.0839340897498645,-0.36931551882153135,-0.011590738600785817,0.9748349658147718,0.1335674009161848
GBP/USD,Vol target: Analogue,-0.10528967161729962,-0.01905756077354144,0.18,0.08606743462695172,-0.3835995605723288,-0.011941990997981924,0.9956428884415863,0.16939639099294995
GBP/USD,Vol target: Analogue+HAR,-0.1012087273620344,-0.014976616518276226,0.314,0.08447851918494433,-0.37357136181523465,-0.011707534129075936,0.9803117752853031,0.12569944722625215
GBP/USD,Kelly (1/var): Analogue+HAR,-0.12704564476276514,-0.04081353391900697,0.102,0.08322769862787446,-0.3815578729435092,-0.011562718321374761,0.9684985320063001,0.23916197784463247
GBP/USD,Vol target: Analogue+HAR + Hawkes gate,-0.04887996646280631,0.037352144380951864,0.682,0.0816934439524932,-0.3236414634711752,-0.011316526586602649,0.9748518075289772,0.29034227636233056
USD/JPY,Buy & hold,0.19310535164447198,,,0.10603523847577502,-0.3879101408490804,-0.015159958767390114,1.0,0.0
USD/JPY,Vol target: EWMA,0.2620720537292779,0.0689667020848059,0.144,0.0841895408248239,-0.3191078241750275,-0.012055089402743671,0.8752635800853362,0.5098743973023636
USD/JPY,Vol target: GARCH,0.22331705960358542,0.030211707959113432,0.518,0.0845485844905624,-0.3271525020511664,-0.012057497216085667,0.876947152928059,1.440045252934597
USD/JPY,Vol target: HAR,0.20710173977972487,0.01399638813525289,0.72,0.0872970676667105,-0.33657277039651035,-0.012477446423257382,0.8911350239294119,1.4038619769970224
USD/JPY,Vol target: Analogue,0.2120200613890441,0.018914709744572128,0.71,0.08497772194899199,-0.34155565397287135,-0.012258336732470712,0.8748692324452884,3.9042553812006244
USD/JPY,Vol target: Analogue+HAR,0.21916227719948947,0.026056925555017485,0.502,0.08691579795893746,-0.33727273631446186,-0.012497682692176645,0.8959164604147648,1.6420677088240148
USD/JPY,Kelly (1/var): Analogue+HAR,0.21754911933200358,0.024443767687531592,0.718,0.07643878663297927,-0.3263881709753915,-0.011076045333053041,0.8291602342049457,4.56916268368876
USD/JPY,Vol target: Analogue+HAR + Hawkes gate,0.21916227719948947,0.026056925555017485,0.502,0.08691579795893746,-0.33727273631446186,-0.012497682692176645,0.8959164604147648,1.6420677088240148
