series,alpha,model,n,hit rate / alpha,Kupiec p,Christoffersen CC p,tick loss,FZ0,MCS p (FZ0)
SOL,0.01,HS,686,1.020408163265306,0.9572999283761732,0.928944714526267,0.001591064561119938,-1.7633506280406634,0.518
SOL,0.01,GARCH-N,686,1.3119533527696794,0.4332636918927012,0.6525578989818634,0.0014583266396412083,-1.9120456914574102,0.665
SOL,0.01,GARCH-t,686,1.020408163265306,0.9572999283761732,0.928944714526267,0.0014339000382668837,-1.9529596398313194,1.0
SOL,0.01,FHS,686,0.8746355685131195,0.735956016755421,0.8959449718483001,0.0014290703177848398,-1.9506957689909408,0.937
SOL,0.01,Analogue,686,1.3119533527696794,0.4332636918927012,0.6525578989818634,0.0016115339052398562,-1.7409577157724527,0.376
SOL,0.01,Blend,686,1.020408163265306,0.9572999283761732,0.928944714526267,0.0015187523529619977,-1.8787839566167126,0.518
SOL,0.025,HS,686,0.8163265306122448,0.4264513687644268,0.5442444985312483,0.0027695228684131356,-2.1811953721983315,0.913
SOL,0.025,GARCH-N,686,0.641399416909621,0.10780465999929816,0.2293309098028741,0.0027880089382700144,-2.200902740026294,1.0
SOL,0.025,GARCH-t,686,0.641399416909621,0.10780465999929816,0.2293309098028741,0.0028017382230215997,-2.2001925139564222,0.96
SOL,0.025,FHS,686,0.5830903790087463,0.05820171606956161,0.14340191145133294,0.0028125319586675196,-2.19361606789545,0.913
SOL,0.025,Analogue,686,0.8163265306122448,0.4264513687644268,0.5442444985312483,0.0029251936628407957,-2.1181855015534086,0.07
SOL,0.025,Blend,686,0.6997084548104956,0.18346180831002123,0.3333185588976252,0.002859190130782189,-2.166660305153317,0.236
SOL,0.05,HS,686,0.8454810495626821,0.3407217222596017,0.61982070556949,0.004384277123805554,-2.424772164089358,1.0
SOL,0.05,GARCH-N,686,0.641399416909621,0.021446099373115153,0.03421007091306883,0.0045413936722234005,-2.4073522503899007,0.373
SOL,0.05,GARCH-t,686,0.641399416909621,0.021446099373115153,0.03421007091306883,0.004501548563432128,-2.415246483202493,0.787
SOL,0.05,FHS,686,0.6997084548104956,0.05703586301908062,0.06840076202425119,0.004495080469057117,-2.413277892382863,0.746
SOL,0.05,Analogue,686,0.6997084548104956,0.05703586301908062,0.06840076202425119,0.004552492814296577,-2.38035128304287,0.102
SOL,0.05,Blend,686,0.641399416909621,0.021446099373115153,0.03421007091306883,0.004515131895511188,-2.40038637594279,0.307
BNB,0.01,HS,1639,1.0372178157413057,0.8803558810446006,0.8272766438816124,0.0012034534296688627,-2.129342441418633,0.123
BNB,0.01,GARCH-N,1639,1.2202562538133008,0.3863265930422385,0.5366219344134763,0.0010607284840845747,-2.2905057767191637,1.0
BNB,0.01,GARCH-t,1639,0.7321537522879805,0.2524829036386165,0.4755334574778416,0.0010699215952247438,-2.2902400110488816,0.998
BNB,0.01,FHS,1639,0.6711409395973154,0.15474826498609726,0.33730232921378156,0.0010951809725662817,-2.2295800050746597,0.123
BNB,0.01,Analogue,1639,1.2202562538133008,0.3863265930422385,0.5366219344134763,0.001292848453350589,-1.992215237361741,0.078
BNB,0.01,Blend,1639,0.7321537522879805,0.2524829036386165,0.4755334574778416,0.0011658565222207307,-2.1859665691398624,0.123
BNB,0.025,HS,1639,1.0738255033557047,0.6361968573441409,0.6964572352444008,0.002276537297739467,-2.4042820399539395,0.071
BNB,0.025,GARCH-N,1639,0.8541793776693105,0.3324506570036367,0.6005295811060891,0.0020809381550579297,-2.539613147427138,1.0
BNB,0.025,GARCH-t,1639,0.8541793776693105,0.3324506570036367,0.6005295811060891,0.002082075861581242,-2.5386522974428813,0.929
BNB,0.025,FHS,1639,0.7321537522879804,0.06847022158203665,0.16284791232908793,0.002092073816382727,-2.5123763685341105,0.128
BNB,0.025,Analogue,1639,1.0738255033557047,0.6361968573441409,0.880347050843164,0.0021550030540785224,-2.4487223278032033,0.103
BNB,0.025,Blend,1639,0.8541793776693105,0.3324506570036367,0.6005295811060891,0.0021060899734769135,-2.5003037582908725,0.103
BNB,0.05,HS,1639,0.9517998779743745,0.6518805484382304,0.24579132973600212,0.00349241033548557,-2.672335517794294,0.184
BNB,0.05,GARCH-N,1639,0.6223306894447833,0.0001702177665640433,0.0004979564935308087,0.0034201709187974163,-2.7382698391377103,0.189
BNB,0.05,GARCH-t,1639,0.7809640024405125,0.034673448955803335,0.06897212822107734,0.00336060512113122,-2.7527036959058053,1.0
BNB,0.05,FHS,1639,0.7199511897498474,0.006290513820289157,0.011259313421975205,0.003393824656707678,-2.7289703661416733,0.189
BNB,0.05,Analogue,1639,0.8419768151311775,0.13181300151228698,0.3201537958419302,0.0034343048331730943,-2.7010391801025255,0.189
BNB,0.05,Blend,1639,0.7687614399023796,0.02542207639846057,0.049998686318992895,0.0033891640832142424,-2.727846760550409,0.189
XRP,0.01,HS,1516,1.2532981530343008,0.34026834382587545,0.04416672623789635,0.0014931292266891028,-1.8800075151593036,0.386
XRP,0.01,GARCH-N,1516,0.9894459102902375,0.9669989417011499,0.330726273550948,0.0013548372830681737,-2.0180059251714737,1.0
XRP,0.01,GARCH-t,1516,0.5936675461741424,0.08537941008383486,0.028266957513812266,0.0013894993794250478,-1.9834620483507546,0.501
XRP,0.01,FHS,1516,0.6596306068601583,0.15562670567816375,0.05596049544517692,0.0014089218751578507,-1.9694617330265483,0.394
XRP,0.01,Analogue,1516,0.5277044854881267,0.04221402598036852,0.12175190796162504,0.001562572580740197,-1.8750416271977732,0.386
XRP,0.01,Blend,1516,0.6596306068601583,0.15562670567816375,0.05596049544517692,0.001471319461482096,-1.9380507895426708,0.386
XRP,0.025,HS,1516,0.9234828496042216,0.6289609075074487,0.45883809362236183,0.002758363460094704,-2.2046944180808055,0.473
XRP,0.025,GARCH-N,1516,0.5804749340369393,0.004579480293263601,0.002150863020510663,0.0027022696709361324,-2.2594390723688282,1.0
XRP,0.025,GARCH-t,1516,0.633245382585752,0.014312060640538832,0.008108485412055957,0.002667287583207178,-2.2588257485549508,0.96
XRP,0.025,FHS,1516,0.6596306068601583,0.023808988791592066,0.014558910584895581,0.0026641492826710448,-2.2580133629142636,0.949
XRP,0.025,Analogue,1516,0.5804749340369393,0.004579480293263601,0.011092053840012795,0.0027949266127810777,-2.203696550866745,0.317
XRP,0.025,Blend,1516,0.6068601583113457,0.008267099569890902,0.004290080430845464,0.002705182411187922,-2.2384009497175392,0.473
XRP,0.05,HS,1516,0.9234828496042216,0.4889212255619223,0.49653243990033313,0.0042503535465065944,-2.472580182354712,0.434
XRP,0.05,GARCH-N,1516,0.4221635883905013,6.339580944228938e-09,1.923057232649417e-08,0.004423705059476742,-2.4632027564363006,0.08
XRP,0.05,GARCH-t,1516,0.6860158311345645,0.0030151434256748275,0.012124098505322067,0.004196594582475106,-2.50348704317155,0.434
XRP,0.05,FHS,1516,0.7387862796833773,0.01460623097500376,0.04153071118325986,0.004177399587535136,-2.506304547742513,1.0
XRP,0.05,Analogue,1516,0.6068601583113457,0.00015901268866403334,0.0007071432253124318,0.004307956910556166,-2.4716618707264035,0.23
XRP,0.05,Blend,1516,0.6200527704485488,0.0002733437711061728,0.0012076420505646704,0.0042241560509164375,-2.4939627751217928,0.434
ADA,0.01,HS,1533,1.36986301369863,0.16818348575272943,0.03835627481946268,0.001548387975874774,-1.842568322272333,0.791
ADA,0.01,GARCH-N,1533,1.1741682974559686,0.5047848878661433,0.3594451854043171,0.0014373399192911319,-1.8962855710379425,0.95
ADA,0.01,GARCH-t,1533,0.8480104370515329,0.5391300058149804,0.740939685305851,0.0014577081081783118,-1.9245557798818156,1.0
ADA,0.01,FHS,1533,0.7827788649706457,0.3742271070589581,0.6129156805544931,0.0014732451078221752,-1.9084431887863078,0.95
ADA,0.01,Analogue,1533,1.304631441617743,0.252176060994539,0.275888063958467,0.0015315034544270687,-1.7834647475553125,0.283
ADA,0.01,Blend,1533,0.8480104370515329,0.5391300058149804,0.740939685305851,0.0014585723230675976,-1.900260262780567,0.95
ADA,0.025,HS,1533,1.0176125244618395,0.9123223789918246,0.24035508119019847,0.002994483676777783,-2.113170388431789,0.307
ADA,0.025,GARCH-N,1533,0.8610567514677103,0.3723858325786882,0.6359601196678153,0.002805698225657156,-2.1821135880925584,0.782
ADA,0.025,GARCH-t,1533,0.8610567514677103,0.3723858325786882,0.6359601196678153,0.0028123256306567214,-2.1870236944086576,0.782
ADA,0.025,FHS,1533,0.91324200913242,0.5810217366442276,0.8380104957458594,0.002797647329407761,-2.189819131489438,1.0
ADA,0.025,Analogue,1533,0.91324200913242,0.5810217366442276,0.02461498003776351,0.0029028374701569066,-2.1083628413211324,0.136
ADA,0.025,Blend,1533,0.8088714938030006,0.21540906988587613,0.42078756351232416,0.002823692036219934,-2.1683508801420426,0.345
ADA,0.05,HS,1533,0.9523809523809523,0.6664554917959795,0.19156631009225245,0.004736639657295349,-2.345667435644607,0.43
ADA,0.05,GARCH-N,1533,0.7566862361382909,0.022635622482813363,0.03865743630029348,0.004635294801104086,-2.382478109844334,0.43
ADA,0.05,GARCH-t,1533,0.821917808219178,0.09928039213445483,0.0966940810430203,0.004585279381739864,-2.390978008484365,0.951
ADA,0.05,FHS,1533,0.7958251793868232,0.05758057720368652,0.10324772601225848,0.004589718672177787,-2.391185330003417,1.0
ADA,0.05,Analogue,1533,0.8088714938030006,0.0761790906548786,0.0027634602799904593,0.004702512696025661,-2.334916950286728,0.095
ADA,0.05,Blend,1533,0.8349641226353555,0.1275028454233165,0.12793053608917573,0.0046117150385959465,-2.374162488194424,0.43
LTC,0.01,HS,1639,1.3422818791946307,0.185657507913053,0.24322298438167134,0.001632925048384254,-1.796439821105656,0.502
LTC,0.01,GARCH-N,1639,1.5253203172666259,0.04726332553380158,0.09484729938304795,0.0015676059048729345,-1.777802018196913,0.502
LTC,0.01,GARCH-t,1639,1.2202562538133008,0.3863265930422385,0.5366219344134763,0.0015172613395952126,-1.8933263765525516,1.0
LTC,0.01,FHS,1639,0.7931665649786455,0.3826082544804307,0.6156027400065613,0.0015259651408932415,-1.8869986416710949,0.827
LTC,0.01,Analogue,1639,1.2202562538133008,0.3863265930422385,0.3469159721563018,0.0015916218233402862,-1.7703909571186012,0.502
LTC,0.01,Blend,1639,0.9762050030506406,0.9225657958019764,0.8499680347760195,0.0015440067252685944,-1.8631145154552837,0.502
LTC,0.025,HS,1639,0.8785845027455765,0.4217035735349839,0.10481881583236814,0.0029851536935166295,-2.1206699164245215,0.691
LTC,0.025,GARCH-N,1639,0.8785845027455765,0.4217035735349839,0.7005213060778013,0.002881263957763745,-2.156470400201353,0.738
LTC,0.025,GARCH-t,1639,0.8785845027455765,0.4217035735349839,0.7005213060778013,0.0028812121348982104,-2.1767169535178343,1.0
LTC,0.025,FHS,1639,0.7077486272117145,0.04574749824285443,0.11056959944998952,0.002945389494792624,-2.1521068065830096,0.738
LTC,0.025,Analogue,1639,0.9029896278218426,0.5226770185654643,0.7982958081694612,0.0029137705197746244,-2.1446224968600087,0.738
LTC,0.025,Blend,1639,0.7321537522879804,0.06847022158203665,0.1107404618655963,0.002912516681886461,-2.1600769322473687,0.738
LTC,0.05,HS,1639,0.9273947528981086,0.49503628085546336,0.3421123223814862,0.004737779232243498,-2.359706765520747,0.377
LTC,0.05,GARCH-N,1639,0.7931665649786455,0.04659407209558145,0.04940560465377363,0.00461706439798049,-2.3962923007283083,0.415
LTC,0.05,GARCH-t,1639,0.8663819402074435,0.20451323790690354,0.05318628174388704,0.0045673610534456375,-2.4113899449238594,1.0
LTC,0.05,FHS,1639,0.7931665649786455,0.04659407209558145,0.007066089010810952,0.004626081719526927,-2.394797401937185,0.415
LTC,0.05,Analogue,1639,0.8419768151311775,0.13181300151228698,0.02940506054385603,0.004714988889230359,-2.3628780091578476,0.27
LTC,0.05,Blend,1639,0.8419768151311775,0.13181300151228698,0.02940506054385603,0.004651440774549017,-2.3860474800460705,0.377
DAX,0.01,HS,6859,1.5454147834961365,2.629512007048484e-05,5.66616220088366e-10,0.0004913899797748424,-3.0092463303843817,0.001
DAX,0.01,GARCH-N,6859,1.5599941682461,1.6467007618690008e-05,5.979142285968776e-05,0.0004197838323072208,-3.192253471681009,0.077
DAX,0.01,GARCH-t,6859,1.3413033969966468,0.006930494171244281,0.021245024863042954,0.0004160783494136882,-3.2273526061471074,0.211
DAX,0.01,FHS,6859,1.2100889342469747,0.09048175715276091,0.16091255600383556,0.00041569340528191243,-3.2369878374736043,0.874
DAX,0.01,Analogue,6859,1.4725178597463187,0.00023810149639891734,0.0006316439454507962,0.0004274569350503058,-3.190803596506081,0.077
DAX,0.01,Blend,6859,1.2829858579967925,0.024022788648032565,0.026046867450644523,0.0004167597540947094,-3.2384955286930435,1.0
DAX,0.025,HS,6859,1.2713223501968218,0.0005495529771775942,1.5106863655159214e-13,0.000983001837368586,-3.2633358463975486,0.0
DAX,0.025,GARCH-N,6859,1.3879574281965301,1.1479365277505255e-06,4.662219099653739e-06,0.0008626316360065972,-3.4171623274402028,0.044
DAX,0.025,GARCH-t,6859,1.3121446274967197,7.711010608436357e-05,0.0002577468141410697,0.0008603570365208575,-3.428327063489624,0.147
DAX,0.025,FHS,6859,1.0905379792972736,0.23654401150982177,0.3542303296060155,0.0008566087932276158,-3.438018090186893,0.929
DAX,0.025,Analogue,6859,1.2421635806968945,0.001958028116414772,0.003704752684878899,0.0008649304351742354,-3.4221023825831725,0.147
DAX,0.025,Blend,6859,1.137192010497157,0.0749078438609657,0.1697212757279878,0.0008579565718985772,-3.4385052519968293,1.0
DAX,0.05,HS,6859,1.1634349030470914,0.0024438407870370927,3.733674418152638e-13,0.0016274959849419783,-3.4683590399724484,0.0
DAX,0.05,GARCH-N,6859,1.1138649948972152,0.03347825955240926,0.08638778560577748,0.0014693148821752326,-3.5930360182836667,0.134
DAX,0.05,GARCH-t,6859,1.1401078874471497,0.009150038908087542,0.02404775950593489,0.001469867179427224,-3.595574717968927,0.522
DAX,0.05,FHS,6859,1.046799825047383,0.37736992366679223,0.5890795743992749,0.0014691910825368065,-3.5988956959666076,1.0
DAX,0.05,Analogue,6859,1.1517713952471205,0.0048226946641067095,0.01667077736535985,0.0014876435454150947,-3.581156294011411,0.003
DAX,0.05,Blend,6859,1.1080332409972298,0.04347405047200436,0.118076475855723,0.001475169823560345,-3.5948398281395035,0.522
Nikkei 225,0.01,HS,10621,1.7135862913096693,1.9565155680318696e-11,2.677036223065381e-18,0.0005473038738549505,-2.841242452703459,0.0
Nikkei 225,0.01,GARCH-N,10621,2.3444120139346576,1.889131851920382e-32,2.522636599519797e-31,0.0004743246659698539,-3.0062831161501418,0.001
Nikkei 225,0.01,GARCH-t,10621,1.5346954147443743,2.8283727282546517e-07,3.0302428867795597e-07,0.0004542211414148917,-3.1436660579470534,0.376
Nikkei 225,0.01,FHS,10621,1.0074380943413992,0.9386652184419577,0.09005718713173308,0.0004519862563053944,-3.167780915046023,1.0
Nikkei 225,0.01,Analogue,10621,1.214574898785425,0.031543831806233665,0.02536964814276428,0.00046879936699691414,-3.0998734783118795,0.001
Nikkei 225,0.01,Blend,10621,1.0262687129272197,0.7864540038832857,0.09731001627153617,0.00045526863376933936,-3.1558113972406323,0.376
Nikkei 225,0.025,HS,10621,1.355804538179079,2.4774090951072482e-08,3.0643230858179468e-18,0.0010266950523699617,-3.180085735002476,0.0
Nikkei 225,0.025,GARCH-N,10621,1.6269654458148948,2.0842621094699142e-21,1.0874630426980649e-20,0.0009269362263875276,-3.311544968593007,0.0
Nikkei 225,0.025,GARCH-t,10621,1.5290462291686282,5.053716878570368e-16,4.249837033191289e-15,0.0009217632450972858,-3.3498598031592217,0.008
Nikkei 225,0.025,FHS,10621,1.314377177290274,7.308497687871913e-07,3.5587883337343035e-06,0.0009110723747616777,-3.37742953512888,1.0
Nikkei 225,0.025,Analogue,10621,1.2691836926843048,1.9799321922816923e-05,2.0338400807030903e-05,0.0009221895895017821,-3.3432357132395683,0.008
Nikkei 225,0.025,Blend,10621,1.2654175689671405,2.557915343292539e-05,6.032722109368385e-05,0.0009130200189086579,-3.3689727641116765,0.048
Nikkei 225,0.05,HS,10621,1.1656152904622916,0.00013353385315206142,1.9994549244741546e-14,0.0016513000881969247,-3.420253853651974,0.0
Nikkei 225,0.05,GARCH-N,10621,1.2578853215328123,4.287941961514338e-09,2.0237534241497307e-09,0.001532945916929871,-3.5297392495961915,0.001
Nikkei 225,0.05,GARCH-t,10621,1.3802843423406457,1.5514428818700145e-17,1.864365431187707e-17,0.0015422043702296192,-3.534138654586734,0.01
Nikkei 225,0.05,FHS,10621,1.2239902080783354,2.985788692566042e-07,2.789279201552144e-07,0.0015316592806012047,-3.5527215909657404,1.0
Nikkei 225,0.05,Analogue,10621,1.205159589492515,2.529396722770114e-06,5.81273153489934e-06,0.0015380729721682965,-3.5378909487290517,0.01
Nikkei 225,0.05,Blend,10621,1.2032765276339326,3.1046542440433733e-06,5.3853499972158e-06,0.0015308667820110576,-3.5507986010378985,0.461
FTSE 100,0.01,HS,7557,1.7070265978562922,2.00596814007943e-08,2.5899497675631536e-13,0.0004136532262405108,-3.1854507110031793,0.0
FTSE 100,0.01,GARCH-N,7557,2.037845705967977,1.840933339428889e-15,1.1513314214637845e-15,0.0003604098468895927,-3.335173124960568,0.0
FTSE 100,0.01,GARCH-t,7557,1.6937938335318248,3.492093480038084e-08,2.2710840858503358e-08,0.0003505833047233462,-3.401552597396054,0.041
FTSE 100,0.01,FHS,7557,1.3497419610956727,0.0037196973763125177,0.0071002653862355354,0.0003451851668232212,-3.431694035618187,1.0
FTSE 100,0.01,Analogue,7557,1.4291385470424771,0.00042743022750775603,0.0011576969271060895,0.00035477451597932917,-3.3752553227985973,0.041
FTSE 100,0.01,Blend,7557,1.3365091967712055,0.005170303755391358,0.009255311627169359,0.0003467177019273344,-3.4243254085531776,0.551
FTSE 100,0.025,HS,7557,1.2544660579595075,0.0006507413935659012,2.3986568717581816e-13,0.0008100304097246749,-3.4636192077733887,0.0
FTSE 100,0.025,GARCH-N,7557,1.445017864231838,6.084493011998224e-09,2.3859303510690606e-09,0.0007171519654621133,-3.6013640902862987,0.001
FTSE 100,0.025,GARCH-t,7557,1.3920868069339682,2.5023281313665725e-07,4.3846407443434257e-08,0.0007141160533506928,-3.619323370401131,0.14
FTSE 100,0.025,FHS,7557,1.2703453751488685,0.00030110634944805425,7.131410926196008e-05,0.0007092683839081625,-3.6337529856344277,0.544
FTSE 100,0.025,Analogue,7557,1.2915177980680164,0.0001018582954848106,7.027756272548411e-06,0.000711596825142911,-3.622902398230695,0.152
FTSE 100,0.025,Blend,7557,1.312690220987164,3.232575895328948e-05,1.4396849864440513e-05,0.0007074540052552292,-3.6368478859788738,1.0
FTSE 100,0.05,HS,7557,1.1327246261744077,0.009475594499567266,3.2640163314201126e-12,0.001327562720881373,-3.6763039985426587,0.0
FTSE 100,0.05,GARCH-N,7557,1.1380177319041946,0.007021926140170206,4.1850153936118106e-07,0.0011922241867158895,-3.8035901468990363,0.085
FTSE 100,0.05,GARCH-t,7557,1.1697763662829164,0.0009630641852651514,1.2330103760766753e-08,0.0011935671961395787,-3.8076522583951387,0.163
FTSE 100,0.05,FHS,7557,1.1221384147148339,0.016795937327050946,2.1279373204052573e-06,0.0011906389825043758,-3.8140552884963523,1.0
FTSE 100,0.05,Analogue,7557,1.1486039433637687,0.003753614375006743,1.8838927441676935e-06,0.0011980739812718052,-3.803855547994981,0.163
FTSE 100,0.05,Blend,7557,1.1194918618499403,0.019271581067442846,4.3256506914264356e-05,0.001191793980000714,-3.8134592296636387,0.847
Hang Seng,0.01,HS,6864,1.5588578088578087,1.6963929241143363e-05,2.811569554036075e-06,0.0005176345977546251,-2.946507415530274,0.0
Hang Seng,0.01,GARCH-N,6864,1.4277389277389279,0.0008175007465265898,0.000694639675582966,0.00046262661943529673,-3.1165636198237676,0.402
Hang Seng,0.01,GARCH-t,6864,1.0343822843822843,0.7758827005638554,0.1260946582460493,0.0004568838978315468,-3.154243088477722,1.0
Hang Seng,0.01,FHS,6864,0.8741258741258742,0.2841206148841757,0.16333122913377754,0.00045916046095821085,-3.1483120794280577,0.704
Hang Seng,0.01,Analogue,6864,1.0198135198135199,0.8693803439387103,0.9365123133328501,0.00046229417875519557,-3.1226846171919194,0.402
Hang Seng,0.01,Blend,6864,0.8595571095571096,0.23082285692838994,0.13430531582053395,0.0004571826577004127,-3.1483968685256833,0.704
Hang Seng,0.025,HS,6864,1.1538461538461537,0.04625693365129319,0.0034394908065984086,0.0009931709678121369,-3.238953618684318,0.0
Hang Seng,0.025,GARCH-N,6864,1.0314685314685315,0.6778699802673279,0.8828212083152526,0.000916464797974922,-3.361203634672902,0.712
Hang Seng,0.025,GARCH-t,6864,0.9498834498834499,0.5026033411009012,0.796970558208115,0.000917152615145062,-3.3674619664287895,1.0
Hang Seng,0.025,FHS,6864,0.8916083916083917,0.1430539254952306,0.3253281235638811,0.0009203709700385038,-3.363760040020647,0.712
Hang Seng,0.025,Analogue,6864,1.013986013986014,0.8531298346489902,0.49621771450611163,0.0009245846093336334,-3.3523163774379725,0.269
Hang Seng,0.025,Blend,6864,0.9382284382284382,0.40770824722976995,0.7050269139813379,0.0009181718644692636,-3.3656939294041326,0.76
Hang Seng,0.05,HS,6864,0.9819347319347319,0.7305814724455097,0.003197878957006549,0.0016157421880958628,-3.4589003635636524,0.0
Hang Seng,0.05,GARCH-N,6864,0.9644522144522144,0.4968182702459577,0.6914101991252691,0.0015397253457668006,-3.5383927682625376,0.76
Hang Seng,0.05,GARCH-t,6864,1.0606060606060606,0.2537930986298046,0.5143137795081805,0.0015388967868048722,-3.5400661744718764,0.88
Hang Seng,0.05,FHS,6864,0.9615384615384616,0.46200536538506276,0.5525247187089775,0.0015413472852386383,-3.539201445438225,0.76
Hang Seng,0.05,Analogue,6864,1.0518648018648018,0.328128971946538,0.6021309651198774,0.0015465019805875446,-3.5322922721275085,0.282
Hang Seng,0.05,Blend,6864,1.0052447552447552,0.9206584846492218,0.9136328934579444,0.0015399525354469175,-3.540565721190527,1.0
Russell 2000,0.01,HS,4068,1.3274336283185841,0.04564003740998546,4.5097789407106935e-05,0.0005407005460769844,-2.9575997186079586,0.028
Russell 2000,0.01,GARCH-N,4068,1.4995083579154374,0.0028682343923474483,0.011693950773879812,0.00043933662375804887,-3.153245886483713,0.098
Russell 2000,0.01,GARCH-t,4068,1.3274336283185841,0.04564003740998546,0.12891338389631912,0.00043280426423880554,-3.1885801856967557,0.382
Russell 2000,0.01,FHS,4068,1.1061946902654867,0.5033013677031224,0.6538038056988367,0.0004310119359678718,-3.196936100241026,0.915
Russell 2000,0.01,Analogue,4068,1.2536873156342183,0.11770832080930606,0.26903173259869734,0.0004336413753811596,-3.1682279064316763,0.201
Russell 2000,0.01,Blend,4068,1.2536873156342183,0.11770832080930606,0.26903173259869734,0.0004282467882007941,-3.1980167983574037,1.0
Russell 2000,0.025,HS,4068,1.111111111111111,0.26475899278265225,0.03125841703390712,0.0010281160619002624,-3.230083025669852,0.011
Russell 2000,0.025,GARCH-N,4068,1.1209439528023597,0.22547124912971334,0.30162823581354686,0.0008870360446146168,-3.3884432814839167,0.436
Russell 2000,0.025,GARCH-t,4068,1.1012782694198624,0.30865967570888564,0.34909408560770006,0.0008861907503638661,-3.396579615290226,0.9
Russell 2000,0.025,FHS,4068,0.9144542772861356,0.3754653084007985,0.6724860240499306,0.0008877606312917083,-3.397983188433565,0.9
Russell 2000,0.025,Analogue,4068,1.0029498525073746,0.9759771203496324,0.9621561782431317,0.0008877682923930648,-3.3919391595991186,0.662
Russell 2000,0.025,Blend,4068,0.9636184857423794,0.7085546247825043,0.8575733407077367,0.0008860374733202303,-3.3991654067284585,1.0
Russell 2000,0.05,HS,4068,1.0324483775811208,0.6366443355655909,0.005663644802154221,0.001612771949006399,-3.4656990838202146,0.013
Russell 2000,0.05,GARCH-N,4068,0.9193706981317601,0.23195001983426683,0.484516934060757,0.0014801832789622838,-3.5782666459901638,0.741
Russell 2000,0.05,GARCH-t,4068,0.9488692232055064,0.450646797609517,0.7512338606688994,0.0014794779602223546,-3.580749686525814,0.909
Russell 2000,0.05,FHS,4068,0.8652900688298918,0.04383888459258951,0.11512722557241545,0.0014835495934623396,-3.5797863147854883,0.909
Russell 2000,0.05,Analogue,4068,0.9046214355948868,0.15632993470290094,0.3555684667034147,0.001486039249103177,-3.5790396411090093,0.909
Russell 2000,0.05,Blend,4068,0.855457227138643,0.030274805957217064,0.08094441823877986,0.0014832972516192029,-3.581589628993456,1.0
Emerging mkts,0.01,HS,4132,1.5004840271055178,0.0026091898846073024,1.5409868736621984e-05,0.0005465776260831055,-2.8998212476668854,0.018
Emerging mkts,0.01,GARCH-N,4132,1.5488867376573088,0.001031227227725077,0.001700838942426702,0.00044999376097045596,-3.1377973667750787,0.146
Emerging mkts,0.01,GARCH-t,4132,1.2342691190706678,0.14427301775323043,0.18436643905259767,0.0004420499104513955,-3.174912019806161,0.808
Emerging mkts,0.01,FHS,4132,1.016456921587609,0.9155566735160016,0.6526547317369755,0.0004397478787004358,-3.1776563993100244,1.0
Emerging mkts,0.01,Analogue,4132,1.3310745401742496,0.04177445358829447,0.05679601114589674,0.0004686996955737964,-3.081119419193406,0.018
Emerging mkts,0.01,Blend,4132,1.0648596321393997,0.6783940365193772,0.5776119562633779,0.0004483767223572001,-3.1594984589700204,0.249
Emerging mkts,0.025,HS,4132,1.2584704743465631,0.010484971479817308,0.0004813933235397459,0.0010276303779748245,-3.199104263615142,0.004
Emerging mkts,0.025,GARCH-N,4132,1.1519845111326232,0.1264983222993448,0.2189577039726205,0.0009049745290915362,-3.3653929345208713,0.63
Emerging mkts,0.025,GARCH-t,4132,1.0551790900290414,0.5734410687912166,0.6857429289054119,0.0009043323870993263,-3.3734885638811023,1.0
Emerging mkts,0.025,FHS,4132,0.861568247821878,0.14458036804147903,0.2589291653064495,0.0009082402839250368,-3.3709257203827145,0.891
Emerging mkts,0.025,Analogue,4132,1.1229428848015488,0.21444961718868025,0.29693608313762443,0.0009198868300409093,-3.345065153128859,0.073
Emerging mkts,0.025,Blend,4132,0.9583736689254598,0.6661675808832683,0.274045858763119,0.0009078378951242952,-3.3699916582880296,0.891
Emerging mkts,0.05,HS,4132,1.1326234269119069,0.055240451253968884,0.0051649853922792885,0.0016225096362758173,-3.43397314937492,0.008
Emerging mkts,0.05,GARCH-N,4132,0.9632139399806389,0.5852828012883123,0.4593665943088573,0.0015139748374223012,-3.544038316579556,0.64
Emerging mkts,0.05,GARCH-t,4132,0.9874152952565343,0.8524782875199309,0.6263572561527357,0.0015130910152627009,-3.5466324355651784,1.0
Emerging mkts,0.05,FHS,4132,0.8809293320425944,0.07333727544776987,0.18770857255355192,0.001517255277723752,-3.5448857469842316,0.64
Emerging mkts,0.05,Analogue,4132,1.0116166505324298,0.8642253927913879,0.5502112623960713,0.00154311621791074,-3.5207554986461598,0.011
Emerging mkts,0.05,Blend,4132,0.919651500484027,0.22995877614562704,0.3559261309923218,0.0015223007539074964,-3.5416557656125063,0.64
Silver,0.01,HS,3581,1.5917341524713766,0.0010502274639994844,4.039634305947877e-05,0.0008402335183280828,-2.4388094500671045,0.013
Silver,0.01,GARCH-N,3581,1.61965931304105,0.0006262726499389334,0.00015840078020238783,0.0007372226220190552,-2.6447612832786356,0.145
Silver,0.01,GARCH-t,3581,1.2845573862049706,0.10114314881395622,0.0028870239678675555,0.0007136833878023508,-2.751500948344453,0.799
Silver,0.01,FHS,3581,0.809829656520525,0.23688194009691685,0.035835082774463234,0.0007177447823910048,-2.7447051389407413,0.706
Silver,0.01,Analogue,3581,1.005305780508238,0.9745656384332327,0.6769569245459466,0.0007270002612288055,-2.7176450839645003,0.498
Silver,0.01,Blend,3581,0.809829656520525,0.23688194009691685,0.2457144340082523,0.0007126624259725213,-2.7566789279562847,1.0
Silver,0.025,HS,3581,1.195196872382016,0.06944263129460691,0.12092861554091718,0.0014842952014008021,-2.8418645195911165,0.015
Silver,0.025,GARCH-N,3581,1.0611561016475843,0.561684929715435,0.3068731569847177,0.001356872794231223,-2.982651101733282,0.388
Silver,0.025,GARCH-t,3581,1.0499860374197152,0.6346640225918865,0.30650702376955236,0.0013563775192010322,-3.0047679384258856,0.735
Silver,0.025,FHS,3581,0.8154146886344595,0.067797666389322,0.012380649693187593,0.0013686868487175483,-2.9930494641346375,0.388
Silver,0.025,Analogue,3581,0.8824350740016754,0.25047980502837,0.5070166013114448,0.0013605386059457722,-3.0123457808189604,0.735
Silver,0.025,Blend,3581,0.793074560178721,0.03978301564930903,0.00642100917479047,0.0013516420501033218,-3.0160009759478945,1.0
Silver,0.05,HS,3581,1.2007819044959507,0.007456355537008487,0.014212199601628762,0.0022855472746855683,-3.1137948273509823,0.021
Silver,0.05,GARCH-N,3581,0.8154146886344595,0.008939009884312956,0.032788512931855134,0.0021668935351512046,-3.2138844292104145,0.195
Silver,0.05,GARCH-t,3581,1.0444010053057804,0.5449350448526535,0.6894141865289629,0.002158453593688683,-3.2235454115293862,0.768
Silver,0.05,FHS,3581,0.7986595922926556,0.004230759117577515,0.01659309453250048,0.0021728532387657517,-3.2157121079720765,0.195
Silver,0.05,Analogue,3581,0.9215302987992181,0.2752345460853865,0.5453372240429055,0.00216898518520844,-3.2274121888728695,0.768
Silver,0.05,Blend,3581,0.809829656520525,0.00701321531976439,0.023612734640304268,0.0021527080835535895,-3.2306963431261226,1.0
Oil,0.01,HS,3594,1.530328324986088,0.0030366132436907708,0.006804537226523818,0.000998442790149382,-2.3294846544304866,0.048
Oil,0.01,GARCH-N,3594,1.7529215358931551,4.135668881916233e-05,0.00016508293333997891,0.0008271978453794699,-2.486548111252549,0.24
Oil,0.01,GARCH-t,3594,1.335559265442404,0.05446023536449185,0.06049973019799865,0.0008083121811029057,-2.5701856911313397,0.828
Oil,0.01,FHS,3594,1.001669449081803,0.9919766117505323,0.6756691064558868,0.0008124624629765214,-2.577627800177457,0.828
Oil,0.01,Analogue,3594,1.279910962715637,0.10597787008433221,0.09205871288942388,0.0008275512828459242,-2.5274307450853235,0.432
Oil,0.01,Blend,3594,0.9738452977184197,0.8742402327183363,0.642629438376268,0.0008076387019412942,-2.588454073039782,1.0
Oil,0.025,HS,3594,1.246521981079577,0.02258255387288934,0.00025974290636028276,0.001828872223524471,-2.65226515660621,0.014
Oil,0.025,GARCH-N,3594,1.3132999443516973,0.00408217256326062,0.01378564763312821,0.0015687640514905304,-2.804711054521639,0.521
Oil,0.025,GARCH-t,3594,1.2242626599888702,0.037432667028573945,0.07929510112746015,0.0015646753490588174,-2.8269503789821453,0.737
Oil,0.025,FHS,3594,0.9348914858096827,0.5275068214210944,0.1420924941884892,0.001571831098263885,-2.8255956209506614,0.729
Oil,0.025,Analogue,3594,1.0573177518085697,0.585595510624318,0.5792624569434526,0.0015924986503997242,-2.811080139271412,0.599
Oil,0.025,Blend,3594,1.0127991096271565,0.9024132965808357,0.2812832696057041,0.0015705973340847301,-2.8332826598889986,1.0
Oil,0.05,HS,3594,1.1463550361713966,0.04894883791140408,7.942260845669135e-05,0.002852495468103247,-2.8964866995607164,0.008
Oil,0.05,GARCH-N,3594,1.0795770728992764,0.2796294876088531,0.49040448654122704,0.002559621295693067,-3.0218655069021105,0.795
Oil,0.05,GARCH-t,3594,1.1630495269894268,0.02863933362124102,0.04757754255152347,0.0025636137458161677,-3.0267798165022697,0.823
Oil,0.05,FHS,3594,0.9181969949916526,0.2542308520244199,0.44987904821268154,0.0025718865034087793,-3.024446397090757,0.823
Oil,0.05,Analogue,3594,0.9794101279910963,0.7763254006510596,0.19624370865787427,0.0025722486207306124,-3.024405399526665,0.823
Oil,0.05,Blend,3594,0.9404563160823595,0.40833238975881725,0.262267711553802,0.0025591563651114414,-3.0340187382661163,1.0
GBP/USD,0.01,HS,4154,1.6129032258064515,0.0002661510435952763,0.00011227754946357286,0.00019346636744701652,-3.905016577157987,0.104
GBP/USD,0.01,GARCH-N,4154,1.4203177660086663,0.010440498739181672,0.0370966614605948,0.0001836541880512216,-4.019607601578346,0.359
GBP/USD,0.01,GARCH-t,4154,1.0351468464130957,0.8209161070586365,0.6215695118770233,0.00018222196245203126,-4.055621608376918,0.964
GBP/USD,0.01,FHS,4154,0.8666345690900338,0.37667289678668747,0.49383070654249894,0.00018339963012415739,-4.055206324795967,0.964
GBP/USD,0.01,Analogue,4154,1.2518054886856043,0.11650664554115686,0.2686305947900273,0.0001872173921917513,-4.012020282757141,0.359
GBP/USD,0.01,Blend,4154,1.059220028887819,0.7039848945543052,0.580799508008387,0.000183660158445713,-4.0574120504395665,1.0
GBP/USD,0.025,HS,4154,1.0881078478574868,0.36984425882348015,0.011415129171128604,0.0003749574541017001,-4.187973684813091,0.05
GBP/USD,0.025,GARCH-N,4154,1.0881078478574868,0.36984425882348015,0.3897014821894082,0.0003587639599980314,-4.266961068146934,0.272
GBP/USD,0.025,GARCH-t,4154,1.0110736639383726,0.9091733998986185,0.7268428220582508,0.00035878166755043894,-4.275639943882184,0.755
GBP/USD,0.025,FHS,4154,0.9629272989889263,0.7002752180914565,0.864841353883425,0.00035879430968501673,-4.2785103750894855,1.0
GBP/USD,0.025,Analogue,4154,1.0881078478574868,0.36984425882348015,0.5844528877745687,0.0003675851272230021,-4.252732185578221,0.106
GBP/USD,0.025,Blend,4154,0.9725565719788155,0.7760218503620434,0.9051233830675525,0.0003608630086119854,-4.277234600782692,0.81
GBP/USD,0.05,HS,4154,1.0399614829080404,0.5570615882439413,0.008362524624684741,0.0006096439307988641,-4.398381244337626,0.03
GBP/USD,0.05,GARCH-N,4154,0.9147809340394799,0.20136871746188187,0.42858616966551,0.0005942734801892412,-4.453742281934134,0.47
GBP/USD,0.05,GARCH-t,4154,0.9773712084737602,0.7370210834076079,0.9001505867445027,0.0005935049713730463,-4.456819999798753,0.774
GBP/USD,0.05,FHS,4154,0.9340394800192584,0.32425253662871606,0.5729510606288868,0.0005942568172553687,-4.457629568006405,0.774
GBP/USD,0.05,Analogue,4154,0.991815117958594,0.903548295403875,0.5316882872712134,0.0005972303614363861,-4.4550324849135725,0.774
GBP/USD,0.05,Blend,4154,0.9725565719788155,0.6835945851340239,0.7543469585533182,0.0005944108344129824,-4.461054571868458,1.0
USD/JPY,0.01,HS,5200,1.6923076923076923,4.980628423333361e-06,4.977782088641387e-07,0.00025926890603817824,-3.6593944622258383,0.468
USD/JPY,0.01,GARCH-N,5200,2.1153846153846154,1.9959005288332724e-12,7.001180221266561e-13,0.0002816116781712681,-3.3139785845667262,0.011
USD/JPY,0.01,GARCH-t,5200,1.8076923076923077,1.454327280747357e-07,7.222003428118394e-09,0.00027651071436515844,-3.4202122253866696,0.03
USD/JPY,0.01,FHS,5200,1.3076923076923077,0.03323404307421076,0.020832891133734557,0.0002543643484381398,-3.6960936248998055,0.468
USD/JPY,0.01,Analogue,5200,1.3269230769230769,0.024046649400138852,0.0477788554908207,0.0002504371644849743,-3.734880081820704,0.757
USD/JPY,0.01,Blend,5200,1.3076923076923077,0.03323404307421076,0.0610811197664839,0.0002498195754911616,-3.74138104842896,1.0
USD/JPY,0.025,HS,5200,1.1846153846153846,0.03823403944652815,3.28921670411407e-05,0.0004751998168293466,-3.9848824696233422,0.237
USD/JPY,0.025,GARCH-N,5200,1.3615384615384614,7.474150685756848e-05,3.1985292677017414e-05,0.00048283256831187547,-3.874342902407529,0.014
USD/JPY,0.025,GARCH-t,5200,1.2769230769230768,0.002152484728302782,0.000303132945241023,0.0004821031300896077,-3.89967885532716,0.037
USD/JPY,0.025,FHS,5200,1.1923076923076923,0.031061076076600504,0.05550651675136254,0.0004660803280057159,-4.018402252119567,0.237
USD/JPY,0.025,Analogue,5200,1.0615384615384615,0.48164396042067226,0.21682405818057043,0.0004604035910022186,-4.0505129997653215,1.0
USD/JPY,0.025,Blend,5200,1.1076923076923078,0.2214418424664737,0.1755792897154136,0.0004604586014203167,-4.048393465015813,0.851
USD/JPY,0.05,HS,5200,1.0884615384615384,0.1488114115043308,0.003036009982816519,0.0007547073102687569,-4.224157332559148,0.154
USD/JPY,0.05,GARCH-N,5200,1.0999999999999999,0.10325685278480844,0.00590281072959137,0.0007507742430315011,-4.181294391571691,0.017
USD/JPY,0.05,GARCH-t,5200,1.1961538461538461,0.0016211642319319565,0.00039706290497166624,0.0007488964181949222,-4.1915280680099425,0.053
USD/JPY,0.05,FHS,5200,1.0576923076923077,0.34418002499127176,0.05981274017768116,0.0007352318887872759,-4.257469733100308,0.245
USD/JPY,0.05,Analogue,5200,1.0538461538461537,0.377024289754348,0.15463330160753386,0.0007335745148032265,-4.272882709078261,0.942
USD/JPY,0.05,Blend,5200,1.0499999999999998,0.4117749232819614,0.09721499948778799,0.0007318164612035058,-4.273365641372749,1.0
