series,window,"QLIKE ratio (A+H / HAR), rolling",DM stat,p
SOL (h=24),2190,0.9766349616128693,2.6498974823093366,0.008051619848722885
SOL (h=24),8760,0.9991433813825867,0.08849888522043048,0.9294801703292671
BNB (h=24),2190,0.9925207862110251,0.9520401492322289,0.34107662048287424
BNB (h=24),8760,1.0100676615607218,-1.5367287223186314,0.12435975444077373
XRP (h=24),2190,0.9842333995498583,1.240698773914772,0.21471704741684805
XRP (h=24),8760,0.9694807749421401,1.6258270149133276,0.10398645973357618
ADA (h=24),2190,0.9863576422511385,2.0915352434996857,0.036480110549824536
ADA (h=24),8760,0.9812907934427049,2.0705563368156232,0.038400276133244565
LTC (h=24),2190,0.9868803419277911,1.6792912858972138,0.0930952884699584
LTC (h=24),8760,1.0037223385069454,-0.411170468531812,0.680947540940561
DAX (h=5),250,0.924204287591432,4.753450107710423,1.9997446926965326e-06
DAX (h=5),1000,0.9758399746649592,2.4236925926976896,0.015363604413603738
DAX (h=22),250,0.7929869613591795,1.8627865476057572,0.06249230343524272
DAX (h=22),1000,1.0247760190285529,-1.4140298145159897,0.15735314870800543
Nikkei 225 (h=5),250,0.8601135279801486,7.078038224698917,1.4620940158138497e-12
Nikkei 225 (h=5),1000,0.9728487569604882,3.770690613031391,0.00016279640096953952
Nikkei 225 (h=22),250,0.9229037197353107,1.660392265743332,0.09683556504932754
Nikkei 225 (h=22),1000,1.0416831228091492,-2.199967174179485,0.027809224076329252
FTSE 100 (h=5),250,0.9127116160814571,2.464452169872033,0.013722287685789586
FTSE 100 (h=5),1000,0.9864461731982391,1.44952080847937,0.14719219353942878
FTSE 100 (h=22),250,0.8211422163220401,1.5436066462310574,0.1226836539590775
FTSE 100 (h=22),1000,0.9984017004806301,0.06785136462556965,0.9459039548816002
Hang Seng (h=5),250,0.9583819675730391,2.605107080065667,0.009184555072305301
Hang Seng (h=5),1000,0.9853883970469023,1.7808023980654124,0.07494473754607119
Hang Seng (h=22),250,0.9513069367217913,1.875137052209299,0.060773871330794635
Hang Seng (h=22),1000,1.0321122727133687,-1.7930467871943006,0.07296544318258158
Russell 2000 (h=5),250,1.000942798256346,-0.05872993620058124,0.9531672148442072
Russell 2000 (h=5),1000,1.0136687371692599,-1.1627703777371587,0.24492267871241669
Russell 2000 (h=22),250,1.0752344527728963,-0.8721069033927115,0.3831500604375405
Russell 2000 (h=22),1000,1.1299725558847413,-1.3797979728743304,0.16764885696124654
Emerging mkts (h=5),250,0.9241948490284312,3.1279443343103934,0.0017603351730068187
Emerging mkts (h=5),1000,1.0068951783135853,-0.563208672870594,0.5732927978403339
Emerging mkts (h=22),250,0.7493334757067535,2.6822790260002245,0.007312244216649584
Emerging mkts (h=22),1000,0.963301027088075,1.326352871226019,0.1847228416772796
Silver (h=5),250,0.9333448495152271,3.5237993627432016,0.00042540624158128875
Silver (h=5),1000,0.9567668879095542,3.162899460616467,0.0015620626788077586
Silver (h=22),250,0.9670839104265806,0.49345468098397977,0.6216913539044655
Silver (h=22),1000,0.9802188827301103,0.5629771650681561,0.573450433340186
Oil (h=5),250,0.9464937529761799,2.6101327360084148,0.009050709696910424
Oil (h=5),1000,0.9842201797509973,0.9710811609299974,0.3315078643168302
Oil (h=22),250,1.017708855884372,-0.48096944831794447,0.6305382126793128
Oil (h=22),1000,1.1177877942329857,-1.8197146651659428,0.06880246883255929
GBP/USD (h=5),250,0.9596734542931694,2.5031361902210483,0.012309816544581742
GBP/USD (h=5),1000,0.9988905741490374,0.12036570289280259,0.9041934589632725
GBP/USD (h=22),250,0.9432470733828784,2.893782728860607,0.0038063144284943787
GBP/USD (h=22),1000,1.0051356533759448,-0.17728881077726574,0.8592815392852322
USD/JPY (h=5),250,0.9725963714314787,2.0424338890758933,0.0411085110101402
USD/JPY (h=5),1000,0.9827524798348329,1.38682703357416,0.165494511663959
USD/JPY (h=22),250,0.9203769877341376,3.124785124724348,0.001779349851429533
USD/JPY (h=22),1000,0.9101316197640867,3.2143377015852868,0.0013074580441957313
